Nom	Type	Description	RA	DEC	Mag	GrandeurWidth	GrandeurHeight	Constellation	Catalogue
M 1	Rémanent de supernova	Nébuleuse du Crabe	5.57552777777778	22.0144444444444	8,4	0,13	0,07	Le Taureau	Messier
M 2	Amas d’étoiles globulaire	NGC 7089	21.5575555555556	0.822777777777778	6,6	0,27	0,27	Le Verseau	Messier
M 3	Amas d’étoiles globulaire	NGC 5272	13.7031111111111	28.3761111111111	6,3	0,3	0,3	Les Chiens de Chasse	Messier
M 4	Amas d’étoiles globulaire	Amas globulaire du Crabe	16.3931944444444	-26.5247222222222	5,4	0,43	0,43	Le Scorpion	Messier
M 5	Amas d’étoiles globulaire	Amas de la Rose – NGC 5904	15.3093888888889	2.08333333333333	5,7	0,38	0,38	Le Serpent	Messier
M 6	Amas d’étoiles ouvert	Amas du Papillon – NGC 6405	17.6722222222222	-32.2583333333333	4,2	0,42	0,42	Le Scorpion	Messier
M 7	Amas d’étoiles ouvert	Amas de Ptolémé – NGC 6475	17.8972222222222	-34.7933333333333	3,3	1,33	1,33	Le Scorpion	Messier
M 8	Région HII	Nébuleuse du Lagon	18.0616666666667	-24.38	6	1,5	0,67	Le Sagittaire	Messier
M 9	Amas d’étoiles globulaire	NGC 6333	17.3199444444444	-18.5158333333333	7,8	0,2	0,2	Ophiuchus	Messier
M 10	Amas d’étoiles globulaire	NGC 6254	16.9524722222222	-4.09888888888889	6,6	0,33	0,33	Ophiuchus	Messier
M 11	Amas d’étoiles ouvert	Amas du Canard Sauvage – NGC 6705	18.8513888888889	-6.27	5,8	0,23	0,23	L’Ecu de Sobieski	Messier
M 12	Amas d’étoiles globulaire	NGC 6218	16.7873611111111	-1.94722222222222	6,1	0,27	0,27	Ophiuchus	Messier
M 13	Amas d’étoiles globulaire	Amas globulaire d’Hercules – NGC 6205	16.6948611111111	36.4608333333333	5,8	0,33	0,13	Hercule	Messier
M 14	Amas d’étoiles globulaire	NGC 6402	17.6266944444444	-3.24527777777778	7,6	0,18	0,18	Ophiuchus	Messier
M 15	Amas d’étoiles globulaire	Amas de Pégase – NGC 7078	21.4995277777778	12.1675	6,3	0,3	0,3	Pégase	Messier
M 16	Amas associé à une nébulosité	Nébuleuse de l’Aigle – NGC 6611	18.3125	-13.7983333333333	6	2	0,42	Le Serpent	Messier
M 17	Amas associé à une nébulosité	Nébuleuse du Cygne (Nébuleuse Oméga) – NGC 6618	18.3463888888889	-16.1716666666667	6	0,67	0,5	Le Sagittaire	Messier
M 18	Amas d’étoiles ouvert	Amas du Cygne Noir – NGC 6613	18.3327777777778	-17.1016666666667	6,9	0,12	0,12	Le Sagittaire	Messier
M 19	Amas d’étoiles globulaire	NGC 6273	17.0438055555556	-26.2675	6,8	0,28	0,28	Ophiuchus	Messier
M 20	Amas associé à une nébulosité	Nébuleuse de Trifid – NGC 6514	18.045	-22.9716666666667	8,5	0,33	0,33	Le Sagittaire	Messier
M 21	Amas d’étoiles ouvert	Croix de Webb – NGC 6531	18.0703611111111	-22.5	5,9	0,27	0,27	Le Sagittaire	Messier
M 22	Amas d’étoiles globulaire	Grand Amas du Sagittaire – NGC 6656	18.6067222222222	-23.9027777777778	5,1	0,53	0,53	Le Sagittaire	Messier
M 23	Amas d’étoiles ouvert	NGC 6494	17.9488888888889	-19.0116666666667	5,5	0,42	0,42	Le Sagittaire	Messier
M 24	Amas d’étoiles	Petit nuage d’étoiles du Sagittaire – IC 4715	18.3133333333333	-18.55	4,6	1,5	1	Le Sagittaire	Messier
M 25	Amas d’étoiles ouvert	IC 4725	18.5291666666667	-19.12	4,6	0,43	0,43	Le Sagittaire	Messier
M 26	Amas d’étoiles ouvert	NGC 6694	18.7541666666667	-9.385	8	0,17	0,17	L’Ecu de Sobieski	Messier
M 27	Nébuleuse planétaire	Nébuleuse de Dumbbell – NGC 6853	19.9934166666667	22.7216666666667	7,4	0,13	0,09	Le Petit Renard	Messier
M 28	Amas d’étoiles ouvert	NGC 6626	18.4091388888889	-24.8694444444444	7,66	0,19	0,19	Le Sagittaire	Messier
M 29	Amas d’étoiles ouvert	Tour de refroidissement – NGC 6913	20.4016666666667	38.4933333333333	6,6	0,17	0,17	Le Cygne	Messier
M 30	Amas d’étoiles globulaire	Amas de la Méduse – NGC 7099	21.6727777777778	-23.1786111111111	7,7	0,2	0,2	Le Capricorne	Messier
M 31	Galaxie	Galaxie d’Andromède – NGC 224	0.712305555555556	41.2688888888889	3,44	3,15	1,03	Andromède	Messier
M 32	Galaxie	NGC 221	0.711611111111111	40.8658333333333	8,08	0,14	0,11	Andromède	Messier
M 33	Galaxie	Galaxie du Triangle – NGC 598	1.56441666666667	30.6580555555556	5,72	1,15	0,69	Le Triangle	Messier
M 34	Amas d’étoiles ouvert	Amas spirale – NGC 1039	2.70138888888889	42.7616666666667	5,2	0,42	0,42	Persée	Messier
M 35	Amas d’étoiles ouvert	Shoe-Buckle Cluster – NGC 2168	6.15	24.35	5,1	0,42	0,42	Les Gémeaux	Messier
M 36	Amas d’étoiles ouvert	Amas du Moulinet – NGC 1960	5.60491666666667	34.1408333333333	6	0,17	0,17	Le Cocher	Messier
M 37	Amas d’étoiles ouvert	Amas Sel-et-Poivre de Janvier – NGC 2099	5.87175	32.5530555555556	5,6	0,25	0,25	Le Cocher	Messier
M 38	Amas d’étoiles ouvert	Amas de l’Etoile de mer – NGC 1912	5.47861111111111	35.855	6,4	0,25	0,25	Le Cocher	Messier
M 39	Amas d’étoiles ouvert	NGC 7092	21.5311111111111	48.425	4,6	0,52	0,52	Le Cygne	Messier
M 40	Etoile	Winnecke 4	12,37	58,08	9,65	0	0	La Grande Ourse	Messier
M 41	Amas d’étoiles ouvert	Amas du petit Rucher – NGC 2287	6.76666666666667	-20.7566666666667	4,5	0,65	0,65	Le Grand Chien	Messier
M 42	Région HII	Grande Nébuleuse d’Orion – NGC 1976	5.58808333333333	-5.39027777777778	4	1,5	1	Orion	Messier
M 43	Région HII	Nébuleuse de la Mairan – NGC 1982	5.59202777777778	-5.2675	9	0,33	0,25	Orion	Messier
M 44	Amas d’étoiles ouvert	Amas de la Crèche – NGC 2632	8.67333333333333	19.67	3,1	1,17	1,17	Le Cancer	Messier
M 45	Amas associé à une nébulosité	Pléiades	3,76	24,37	1,2	1,83	1,83	Le Taureau	Messier
M 46	Amas d’étoiles ouvert	NGC 2437	7.69633333333333	-14.81	6,1	0,33	0,33	La Poupe	Messier
M 47	Amas d’étoiles ouvert	NGC 2422	7.60972222222222	-14.4797222222222	4,4	0,42	0,42	La Poupe	Messier
M 48	Amas d’étoiles ouvert	Amas de la Crèche – NGC 2548	8.22863888888889	-5.75055555555556	5,8	0,5	0,5	L’Hydre	Messier
M 49	Galaxie	NGC 4472	12.4963055555556	8	8,3	0,17	0,14	La Vierge	Messier
M 50	Amas d’étoiles ouvert	Amas en forme de Coeur – NGC 2323	7.04661111111111	-8.37583333333333	5,9	0,25	0,25	La Licorne	Messier
M 51	Galaxie	Galaxie du Tourbillon – NGC 5194	13.4979444444444	47.1955555555556	8,1	0,19	0,12	Les Chiens de Chasse	Messier
M 52	Amas d’étoiles ouvert	Amas Sel-et-Poivre de Cassiopée – NGC 7654	23.4133333333333	61.6	6,9	0,27	0,27	Cassiopée	Messier
M 53	Amas d’étoiles ouvert	NGC 5024	13.2153611111111	18.1697222222222	7,7	0,22	0,22	La Chevelure de Bérénice	Messier
M 54	Amas d’étoiles globulaire	NGC 6715	18.9175833333333	-30.4777777777778	7,7	0,2	0,2	Le Sagittaire	Messier
M 55	Amas d’étoiles globulaire	Amas du Spectre – NGC 6809	19.6665	-30.9616666666667	7,42	0,32	0,32	Le Sagittaire	Messier
M 56	Amas d’étoiles globulaire	NGC 6779	19.2765277777778	30.1852777777778	8,4	0,15	0,15	La Lyre	Messier
M 57	Nébuleuse planétaire	Nébuleuse de l’Anneau – NGC 6720	18.8930833333333	33.0297222222222	8,8	0,06	0,04	La Lyre	Messier
M 58	Galaxie	NGC 4579	12.6288055555556	11.8183333333333	9,66	0,1	0,08	La Vierge	Messier
M 59	Galaxie	NGC 4621	12.7006111111111	11.6472222222222	10,6	0,09	0,06	La Vierge	Messier
M 60	Galaxie	NGC 4649	12.7277222222222	11.5530555555556	9,8	0,12	0,1	La Vierge	Messier
M 61	Galaxie	Galaxie spirale de l’Enflure – NGC 4303	12.36525	4.47277777777778	9,65	0,11	0,1	La Vierge	Messier
M 62	Amas d’étoiles globulaire	Amas globulaire vacillant – NGC 6266	17.0201666666667	-30.1116666666667	7,39	0,25	0,25	Ophiuchus	Messier
M 63	Galaxie	Galaxie du Tournesol – NGC 5055	13.2636111111111	42.0330555555556	8,59	0,21	0,12	Les Chiens de Chasse	Messier
M 64	Galaxie	Black Eye Galaxy – NGC 4826	12.9455	21.6830555555556	8,52	0,18	0,09	La Chevelure de Bérénice	Messier
M 65	Galaxie	Triplet du Lion – NGC 3623	11.3154444444444	13.0908333333333	10,25	0,15	0,04	Le Lion	Messier
M 66	Galaxie	Triplet du Lion – NGC 3627	11.3375277777778	12.99	8,92	0,15	0,07	Le Lion	Messier
M 67	Amas d’étoiles ouvert	Golden-Eye Cluster – NGC 2682	8.855	11.8166666666667	6,9	0,42	0,42	Le Cancer	Messier
M 68	Amas d’étoiles globulaire	NGC 4590	12.6577777777778	-26.7422222222222	7,3	0,18	0,18	L’Hydre	Messier
M 69	Amas d’étoiles globulaire	NGC 6637	18.5231111111111	-32.3475	8,31	0,14	0,14	Le Sagittaire	Messier
M 70	Amas d’étoiles globulaire	NGC 6681	18.7201944444444	-32.2913888888889	9,06	0,13	0,13	Le Sagittaire	Messier
M 71	Amas d’étoiles globulaire	Amas du Poisson scalaire – NGC 6838	19.8961388888889	18.7788888888889	6,1	0,12	0,12	La Flèche	Messier
M 72	Amas d’étoiles globulaire	NGC 6981	20.8910833333333	-12.5363888888889	9,2	0,11	0,11	Le Verseau	Messier
M 73	Amas d’étoiles ouvert	NGC 6994	20.9822222222222	-12.6333333333333	8,9	0,05	0,05	Le Verseau	Messier
M 74	Galaxie	Galaxie du Fantôme	1.61158333333333	15.7833333333333	9,39	0,18	0,16	Les Poissons	Messier
M 75	Amas d’étoiles globulaire	NGC 6864	20.1013333333333	-21.9208333333333	9,18	0,11	0,03	Le Sagittaire	Messier
M 76	Nébuleuse planétaire	Nébuleuse de la petite Haltère – NGC 650	1.70502777777778	51.5713888888889	10,1	0,05	0,04	Persée	Messier
M 77	Galaxie	Cetus A – NGC 1068	2.71133333333333	0.0127777777777778	8,87	0,12	0,1	La Baleine	Messier
M 78	Nébuleuse par réflexion	Nébuleuse de Casper le Fantôme – NGC 2068	5.77916666666667	0.08	8,3	0,13	0,1	Orion	Messier
M 79	Amas d’étoiles globulaire	NGC 1904	5.40294444444444	-24.5236111111111	8,56	0,16	0,16	Le Lièvre	Messier
M 80	Amas d’étoiles globulaire	NGC 6093	16.2840277777778	-22.9744444444444	7,87	0,17	0,17	Le Scorpion	Messier
M 81	Galaxie	Galaxie de Bode – NGC 3031	9.92597222222222	69.0672222222222	6,94	0,45	0,24	La Grande Ourse	Messier
M 82	Galaxie	Galaxie du Cigare – NGC 3034	9.93166666666667	69.6830555555556	8,41	0,19	0,07	La Grande Ourse	Messier
M 83	Galaxie	Galaxie du Moulinet du Sud – NGC 5236	13.6167222222222	-29.8672222222222	7,54	0,22	0,19	Le Centaure	Messier
M 84	Galaxie	Chaîne de Markarian – NGC 4374	12.4176666666667	12.8869444444444	10,49	0,11	0,09	La Vierge	Messier
M 85	Galaxie	NGC 4382	12.4233055555556	18.1908333333333	10	0,12	0,09	La Chevelure de Bérénice	Messier
M 86	Galaxie	Faust V051 – NGC 4406	12.4365277777778	12.9463888888889	8,9	0,15	0,1	La Vierge	Messier
M 87	Galaxie	Galaxie Virgo – NGC 4486	12.5137222222222	12.3905555555556	8,63	0,12	0,11	La Vierge	Messier
M 88	Galaxie	NGC 4501	12.5330555555556	14.4197222222222	13,18	0,12	0,06	La Chevelure de Bérénice	Messier
M 89	Galaxie	NGC 4552	12.5944166666667	12.5561111111111	9,75	0,09	0,08	La Vierge	Messier
M 90	Galaxie	NGC 4569	12.6138888888889	13.1638888888889	9,54	0,16	0,07	La Vierge	Messier
M 91	Galaxie	NGC 4548	12.5906666666667	14.4963888888889	13,57	0,09	0,07	La Chevelure de Bérénice	Messier
M 92	Amas d’étoiles globulaire	NGC 6341	17.2853611111111	43.1369444444444	6,4	0,23	0,23	Hercule	Messier
M 93	Amas d’étoiles ouvert	Amas du Papillon – NGC 2447	7.74166666666667	-23.8566666666667	6,2	0,17	0,17	La Poupe	Messier
M 94	Galaxie	Galaxie de l’Oeil du Crocodile – NGC 4736	12.8480833333333	41.1213888888889	8,24	0,19	0,15	Les Chiens de Chasse	Messier
M 95	Galaxie	NGC 3351	10.7327222222222	11.7033333333333	9,73	0,05	0,05	Le Lion	Messier
M 96	Galaxie	NGC 3368	10.7793888888889	11.82	9,25	0,13	0,09	Le Lion	Messier
M 97	Nébuleuse planétaire	Nébuleuse de la Chouette – NGC 3587	11.2465833333333	55.0194444444444	9,9	0,06	0,06	La Grande Ourse	Messier
M 98	Galaxie	NGC 4192	12.2299444444444	14.8994444444444	10,14	0,16	0,05	La Chevelure de Bérénice	Messier
M 99	Galaxie	Moulinet de l’amas de la Vierge – NGC 4254	12.3136944444444	14.4175	9,87	0,09	0,08	La Chevelure de Bérénice	Messier
M 100	Galaxie	Galaxie du Sèche-Cheveux – NGC 4321	12.3819166666667	15.8227777777778	9,35	0,12	0,11	La Chevelure de Bérénice	Messier
M 101	Galaxie	Galaxie du Moulinet – NGC 5457	14.0534444444444	54.3494444444444	7,86	0,48	0,45	La Grande Ourse	Messier
M 102	Galaxie	Galaxie du Fuseau – NGC 5866	15.1081666666667	55.7636111111111	9,89	0,11	0,05	Le Dragon	Messier
M 103	Amas d’étoiles ouvert	NGC 581	1.55638888888889	60.6583333333333	7,4	0,1	0,1	Cassiopée	Messier
M 104	Galaxie	Galaxie du Sombrero – NGC 4594	12.6664722222222	-11.6225	8	0,15	0,06	La Vierge	Messier
M 105	Galaxie	NGC 3379	10.7970833333333	12.5811111111111	9,76	0,09	0,08	Le Lion	Messier
M 106	Galaxie	NGC 4258	12.3160555555556	47.3069444444444	8,41	0,31	0,12	Les Chiens de Chasse	Messier
M 107	Amas d’étoiles globulaire	Amas du Crucifix – NGC 6171	16.5421944444444	-13.0530555555556	8,85	0,22	0,22	Ophiuchus	Messier
M 108	Galaxie	Galaxie de la Planche de Surf – NGC 3556	11.1915	55.6727777777778	10,7	0,15	0,04	La Grande Ourse	Messier
M 109	Galaxie	Galaxie de l’Aspirateur – NGC 3992	11.9598333333333	53.3736111111111	10,6	0,13	0,08	La Grande Ourse	Messier
M 110	Galaxie	NGC 205	0.672805555555556	41.6852777777778	8,07	0,37	0,18	Andromède	Messier
NGC 891	Galaxie	Caldwell 23	2,3758	42,3483	10,1	0,225	0,04166	Andromède	NGC
NGC 7662	Nébuleuse planétaire	Boule de neige bleue – Caldwell 22	23,4315	42,535	8,3	0,01027	0,004166	Andromède	NGC
NGC 6781	Nébuleuse planétaire	Nébuleuse de la Boule de neige	19,30780278	6,538694	11,8	0,0294	0,0294	L’Aigle	NGC
NGC 7009	Nébuleuse planétaire	Nébuleuse de Saturne – Caldwell 55	21,069688	-11,363416	8	0,011388	0,009722	Le Verseau	NGC
NGC 7293	Nébuleuse planétaire	Nébuleuse de l’Hélice – Caldwell 63	22,494038	-20,8371	7,6	0,4166	0,2233	Le Verseau	NGC
NGC 772	Galaxie	Galaxie de la Crosse de la Fougère	1,988775	19,0075	10,31	0,079166	0,0633	Le Bélier	NGC
NGC 1907	Amas d’étoiles ouvert	Cr 66	5,46806944	35,325	8,2	0,8333	0,8333	Le Cocher	NGC
NGC 1931	Nébuleuse bipolaire	The Fly Nebula – SH2-237	5,52300278	34,233	10,1	0,0667	0,0667	Le Cocher	NGC
NGC 1501	Nébuleuse planétaire	Nébuleuse de l’Oeil du Chameau	4,11649722	60,920667	13	0,0145	0,0145	La Girafe	NGC
NGC 2403	Galaxie	Caldwell 7	7,614278	65,6026	8,9	0,365	0,205	La Girafe	NGC
NGC 2655	Galaxie	Arp 225	8,925389	78,223834	11,08	0,0577	0,046134	La Girafe	NGC
NGC 185	Galaxie	Caldwell 18	0,64970278	48,334834	9,2	0,195	0,1667	Cassiopée	NGC
NGC 281	Région HII	Nébuleuse Pacman – SH2-184	0,881611	56,625	7,4	0,5834	0,5	Cassiopée	NGC
NGC 457	Amas d’étoiles ouvert	Amas de la Libellule – Caldwell 13	1,326625	58,283417	6,4	0,3334	0,3334	Cassiopée	NGC
NGC 663	Amas d’étoiles ouvert	Amas de la Tondeuse à Gazon – Caldwell 10	1,769294	61,231083	7,1	0,25	0,25	Cassiopée	NGC
NGC 7789	Amas d’étoiles ouvert	Amas de la Rose de Caroline	23,95708611	56,7054	6,7	0,5	0,5	Cassiopée	NGC
NGC 5128	Galaxie	Centaurus A – Caldwell 77	13,42419167	-43,021556	6,84	0,428334	0,3334	Le Centaure	NGC
NGC 5139	Amas d’étoiles globulaire	Amas W Cen – Caldwell 80	13,446311	-47,482278	5,33	0,916667	0,916667	Le Centaure	NGC
NGC 40	Nébuleuse planétaire	Nébuleuse du Noeud-Papillon – Caldwell 2	0,21765	72,518223	10,7	0,0105	0,009667	Céphée	NGC
NGC 6939	Amas d’étoiles ouvert	Amas du Buisson Fantôme	20,52573611	60,66280556	7,8	0,08334	0,08334	Céphée	NGC
NGC 6946	Galaxie	Galaxie du Feu d’Artifice – Caldwell 12	20,5819305555556	60,1544444444444	9,6	0,191667	0,16334	Le Cygne	NGC
NGC 7129	Amas associé à une nébulosité	Nébuleuse du Petit Amas	21,7163888888889	66,1021666666667	11,5	0,0334	0,0334	Céphée	NGC
NGC 246	Nébuleuse planétaire	Nébuleuse du Crâne – Caldwell 56	0,784430555555556	-11,8695	10,9	0,062216667	0,163334	La Baleine	NGC
NGC 936	Galaxie	Starfighter de Dark Vador	2,46041944444444	-1,15469444444444	10,81	0,065334	0,0555334	La Baleine	NGC
NGC 2359	Région HII	Casque de Thor – SH2-298	7,30798611111111	-13,2281666666667	0	0,1667	0,08334	Le Grand Chien	NGC
NGC 4274	Galaxie	PGC 39724	12,3305083333333	29,6181944444444	10,41	0,08678334	0,03905	La Chevelure de Bérénice	NGC
NGC 4414	Galaxie	PGC 40692	12,4406333333333	31,2271666666667	10,12	0,04771667	0,02671667	La Chevelure de Bérénice	NGC
NGC 4494	Galaxie	PGC 41441	12,5231361111111	25,7783333333333	9,74	0,05495	0,0478	La Chevelure de Bérénice	NGC
NGC 4559	Galaxie	Galaxie de la Carpe Koï – Caldwell 36	12,5991555555556	27,96325	10,01	0,178334	0,07334	La Chevelure de Bérénice	NGC
NGC 4565	Galaxie	Galaxie de l’Aiguille – Caldwell 38	12,6055805555556	25,9907777777778	12,43	0,265	0,0308334	La Chevelure de Bérénice	NGC
NGC 4725	Galaxie	PGC 43451	12,840694	25,5	12,44	0,1288334	0,067	La Chevelure de Bérénice	NGC
NGC 4361	Nébuleuse planétaire	Nébuleuse de l’Arroseur de Gazon	12,4083388888889	-18,7848888888889	10,9	0,0225	0,0225	Le Corbeau	NGC
NGC 4111	Galaxie	PGC 48440	12,1172361111111	43,0694166666667	10,74	0,03611667	0,008667	Les Chiens de Chasse	NGC
NGC 4228	Galaxie	PGC 39225	12,260625	36,3306944444444	10,3	0,08011667	0,0512667	Les Chiens de Chasse	NGC
NGC 4244	Galaxie	Silver Needle Galaxy – Caldwell 26	12,2913138888889	37,811	10	0,276667	0,0316667	Les Chiens de Chasse	NGC
NGC 4449	Galaxie	The Box Galaxy – Caldwell 21	12,4694916666667	44,0978055555556	9,4	0,103334	0,073334	Les Chiens de Chasse	NGC
NGC 4490	Galaxie	Galaxie du Cocon	12,5098527777778	41,6478055555556	9,79	0,088716667	0,03815	Les Chiens de Chasse	NGC
NGC 4631	Galaxie	Galaxie de la Baleine – Caldwell 32	12,7020222222222	32,5453055555556	9,19	0,154216667	0,04626667	Les Chiens de Chasse	NGC
NGC 4656	Galaxie	Galaxie de la Canne de Hockey	12,7324805555556	32,1740833333333	10,52	0,027616667	0,01435	Les Chiens de Chasse	NGC
NGC 5005	Galaxie	Caldwell 29	13,1821472222222	37,0631666666667	13,67	0,06516667	0,02736667	Les Chiens de Chasse	NGC
NGC 5033	Galaxie	Waterbug Galaxy	13,2241472222222	36,5978611111111	12,03	0,06305	0,02836667	Les Chiens de Chasse	NGC
NGC 6819	Amas d’étoiles ouvert	Amas de la Tête de Renard	19,6887944444444	40,1889444444444	7,3	0,1	0,1	Le Cygne	NGC
NGC 6826	Nébuleuse planétaire	Blinking Planetary Nebula – Caldwell 15	19,7472638888889	50,5269444444444	8,8	0,0075	0,006667	Le Cygne	NGC
NGC 6960	Rémanent de supernova	Nébuleuse du Voile Ouest – Caldwell 34	20,760975	30,7094444444444	7	3,5	2,6667	Le Cygne	NGC
NGC 6992	Rémanent de supernova	Nébuleuse du Voile Est – Caldwell 33	20,939025	31,744	7	3,83334	2,6667	Le Cygne	NGC
NGC 7000	Région HII	Nébuleuse de l’Amérique du Nord – Caldwell 20	20,9802388888889	44,3306944444444	4	2	1,6667	Le Cygne	NGC
NGC 7027	Nébuleuse planétaire	Jewel Bug Nebula	21,1175944444444	42,2367777777778	8,5	0	0	Le Cygne	NGC
NGC 6503	Galaxie	Galaxie perdue dans l’espace	17,824825	70,1482222222222	10,9	0,07895	0,02526667	Le Dragon	NGC
NGC 6543	Nébuleuse planétaire	Nébuleuse de l’Oeil de Chat – Caldwell 6	17,9766555555556	66,6369444444445	8,1	0,0055	0,008283334	Le Dragon	NGC
NGC 1232	Galaxie	Galaxie de l’Oeil de Dieu	3,16258888888889	-20,5760277777778	9,87	0,08955	0,07523334	L’Eridan	NGC
NGC 1535	Nébuleuse planétaire	Nébuleuse de l’Oeil de Cléopâtre	4,23756666666667	-12,7368333333333	9,6	0,0156667	0,014416667	L’Eridan	NGC
NGC 2158	Amas d’étoiles ouvert	Cr 81	6,12328611111111	24,097	8,6	0,06667	0,06667	Les Gémeaux	NGC
NGC 2392	Nébuleuse planétaire	Nébuleuse Eskimo – Caldwell 39	7,48595555555556	20,9126111111111	9,61	0,013334	0,01245	Les Gémeaux	NGC
NGC 6207	Galaxie	PGC 58827	16,7179444444444	36,8363611111111	11,65	0,04183334	0,01673334	Hercule	NGC
NGC 6210	Nébuleuse planétaire	Turtle Nebule	16,7417361111111	23,8031111111111	9,65	0,007116667	0,006116667	Hercule	NGC
NGC 3242	Nébuleuse planétaire	Nébuleuse du Fantôme de Jupiter – Caldwell 59	10,4124694444444	-18,6417777777778	8,6	0,007	0,0103334	L’Hydre	NGC
NGC 7209	Amas d’étoiles ouvert	Amas de l’Etoile du Lézard	22,0857527777778	46,4825277777778	7,7	0,3334	0,3334	Le Lézard	NGC
NGC 7243	Amas d’étoiles ouvert	Caldwell 16	22,2527083333333	49,8972222222222	6,4	0,5	0,5	Le Lézard	NGC
NGC 2903	Galaxie	PGC 27077	9,53576666666667	21,5026944444444	9,01	0,1016667	0,0549	Le Lion	NGC
NGC 3384	Galaxie	PGC 32292	10,8043861111111	12,6313888888889	10	0,063616667	0,03245	Le Lion	NGC
NGC 3521	Galaxie	Bubble Galaxy	11,0965444444444	-0,0344166666666667	9,02	0,10661111	0,0487	Le Lion	NGC
NGC 3607	Quasar	PGC 34426	11,2815611111111	18,0543055555556	12,76	0,04416667	0,0393	Le Lion	NGC
NGC 3628	Galaxie	Galaxie du Hamburger	11,3377805555556	13,59175	9,48	0,176283334	0,0423	Le Lion	NGC
NGC 3344	Galaxie	Galaxie de l’Onion coupé	10,7249833333333	24,92475	9,86	0,07605	0,07453334	Le Petit Lion	NGC
NGC 3432	Galaxie	Galaxie de l’Aiguille à Tricoter	10,8749416666667	36,6217777777778	11,67	0,10455	0,020916667	Le Petit Lion	NGC
NGC 2683	Galaxie	Galaxie OVNI	8,87772222222222	33,42325	9,7	0,089716667	0,035883334	Le Lynx	NGC
NGC 2237	Amas d’étoiles ouvert	Nébuleuse de la Rosette – Caldwell 50	6,531625	4,94322222222222	4,8	0,4	0,4	La Licorne	NGC
NGC 2244	Amas d’étoiles ouvert	Nébuleuse de la Rosette – Caldwell 50	6,531625	4,94322222222222	4,8	0,4	0,4	La Licorne	NGC
NGC 2261	Nébuleuse par réflexion	Nébuleuse variable de Hubble – Caldwell 46	6,65244722222222	8,73708333333333	9	0,03334	0,016667	La Licorne	NGC
NGC 6369	Nébuleuse planétaire	Nébuleuse du petit Fantôme	17,4892833333333	-23,7599166666667	11,4	0,007783334	0,007783334	Ophiuchus	NGC
NGC 6572	Nébuleuse planétaire	Nébuleuse de la Racquetball bleue	18,2020611111111	6,85547222222222	8,1	0,00555	0,004116667	Ophiuchus	NGC
NGC 6633	Amas d’étoiles ouvert	Tweedledum Cluster	18,458975	6,571805556	4,6	0,3334	0,3334	Ophiuchus	NGC
NGC 1788	Nébuleuse par réflexion	Nébuleuse de la Chauve-souris Cosmique	5,11478055555556	-3,34027777777778	10,11	0,03334	0,03334	Orion	NGC
NGC 1977	Nébuleuse bipolaire	Nébuleuse du Coureur	5,58441388888889	-4,73005555555556	0	0	0	Orion	NGC
NGC 2024	Amas associé à une nébulosité	Nébuleuse de la Flamme	5,69500833333333	-1,84038888888889	0	2	2	Orion	NGC
NGC 2022	Nébuleuse planétaire	Nébuleuse des Croissants qui s’embrassent	5,70145833333333	9,08705555555556	11,6	0,005383334	0,005383334	Orion	NGC
NGC 2194	Amas d’étoiles ouvert	Cr 87	6,22916666666667	12,81875	8,5	0,083334	0,083334	Orion	NGC
NGC 7331	Galaxie	Groupe Deer Lick – Caldwell 30	22,6181861111111	34,4156111111111	9,48	0,175	0,0616667	Pégase	NGC
NGC 869	Amas d’étoiles ouvert	Double amas – Caldwell 14	2,31671944444444	57,1242777777778	3,8	0,5	0,5	Persée	NGC
NGC 884	Amas d’étoiles ouvert	Double amas – Caldwell 14	2,368056	57,13	3,8	0,5	0,5	Persée	NGC
NGC 1023	Galaxie	Galaxie lenticulaire de Persée	2,67333055555556	39,061	9,35	0,09616667	0,03655	Persée	NGC
NGC 1491	Région HII	Nébuleuse de l’empreinte Fossile – SH2-206	4,05420833333333	51,312	0	0,15	0,1	Persée	NGC
NGC 2438	Nébuleuse planétaire	PGC 3517755	7,69700277777778	-14,7337222222222	10,8	0,01955	0,01955	La Poupe	NGC
NGC 2440	Nébuleuse planétaire	Nébuleuse du Papillon Albinos	7,69821944444445	-18,2064444444444	9,4	0,009116667	0,009116667	La Poupe	NGC
NGC 2539	Amas d’étoiles ouvert	Amas du Plat	8,17656666666667	-12,8164166666667	6,5	0,35	0,35	La Poupe	NGC
NGC 253	Galaxie	Galaxie du Sculpteur – Caldwell 65	0,792722222222222	-25,2854166666667	8	0,4583334	0,113334	Le Sculpteur	NGC
NGC 6712	Amas d’étoiles globulaire	Mel 215	18,8848638888889	-8,70486111111111	8,69	0,0416667	0,0416667	L’Ecu de Sobieski	NGC
NGC 3115	Galaxie	Galaxie du Fuseau – Caldwell 53	10,0868805555556	-7,71738888888889	9,9	0,12	0,0416667	Le Sextant	NGC
NGC 6445	Nébuleuse planétaire	Nébuleuse de la petite Pierre Précieuse	17,8211805555556	-20,0094166666667	11,2	0,555	0,555	Le Sagittaire	NGC
NGC 6520	Amas d’étoiles ouvert	Amas de la Poitrine du Mort	18,0569888888889	-27,88825	7,6	0,083334	0,083334	Le Sagittaire	NGC
NGC 6818	Nébuleuse planétaire	Nébuleuse de la petite Pierre Précieuse	19,7331472222222	-14,1526111111111	9,3	0,012116667	0,010416667	Le Sagittaire	NGC
NGC 2841	Galaxie	Galaxie de l’Oeil du Tigre	9,36684444444444	50,9782222222222	9,22	0,10545	0,04745	La Grande Ourse	NGC
NGC 3079	Galaxie	Galaxie du Frisbee Fantôme	10,0321277777778	55,68225	10,86	0,07483334	0,01796667	La Grande Ourse	NGC
NGC 3077	Galaxie	Galaxie Garland	10,054375	68,7363611111111	10,14	0,04945	0,03955	La Grande Ourse	NGC
NGC 3675	Galaxie	PGC 35164	11,43535	43,5895	11,06	0,074116667	0,03335	La Grande Ourse	NGC
NGC 3877	Galaxie	PGC 36699	11,7684666666667	47,4984444444444	12,03	0,0773334	0,01856667	La Grande Ourse	NGC
NGC 3941	Galaxie	PGC 37235	11,88175	36,9900277777778	11,62	0,0386667	0,02475	La Grande Ourse	NGC
NGC 4026	Galaxie	PGC 37760	11,9899666666667	50,9658611111111	12,17	0,051	0,01326667	La Grande Ourse	NGC
NGC 4088	Galaxie	PGC 38302	12,0924833333333	50,5432777777778	12	0,073116667	0,0351	La Grande Ourse	NGC
NGC 4605	Galaxie	Galaxie de l’Oeuf de Fabergé	12,666125	61,6140555555556	10,8	0,079116667	0,03165	La Grande Ourse	NGC
NGC 4216	Galaxie	Galaxie de la Trainée d’Argent	12,2649111111111	13,1518611111111	10,01	0,115283334	0,02075	La Vierge	NGC
NGC 4388	Galaxie	PGC 40581	12,4294722222222	12,6645	11,02	0,062116667	0,019883334	La Vierge	NGC
NGC 4438	Galaxie	Galaxie des Yeux	12,4624861111111	13,0110555555556	10,17	0,045283334	0,02445	La Vierge	NGC
NGC 4526	Galaxie	Galaxie perdue	12,5673222222222	7,70122222222222	10,16	0,07816667	0,033616667	La Vierge	NGC
NGC 4535	Galaxie	Galaxie perdue de Copeland	12,572125	8,19988888888889	9,73	0,0973334	0,0486667	La Vierge	NGC
NGC 4567	Galaxie	Frères Siamois	12,6089	11,26025	11,31	0,06195	0,03655	La Vierge	NGC
NGC 4699	Galaxie	Galaxie du Disque Vinyle	12,8171083333333	-8,66355555555556	11,51	0,04205	0,0328	La Vierge	NGC
NGC 4762	Galaxie	Paper-Kite Galaxy	12,882075	11,2331944444444	10,27	0,0853334	0,022183334	La Vierge	NGC
NGC 5746	Galaxie	Galaxie de la Lame et de la Perle	14,7489055555556	1,95641666666667	15,77	0,095383334	0,0248	La Vierge	NGC
IC 1848	Amas d’étoiles ouvert	Nébuleuse de l’Âme – SH2-199	2,851975	60,4989444444445	6,5	0,6667	0,16667	Cassiopée	IC
IC 1805	Amas associé à une nébulosité	Nébuleuse du Coeur – SH2-190	2,54523888888889	61,4465277777778	6,5	1	1	Cassiopée	IC
IC 434	Région HII	Barnard 33 – Nébuleuse de la Tête de Cheval	5,67983333333333	-2,48597222222222	7,3	1	0,16667	Orion	IC
NGC 7023	Amas associé à une nébulosité	Nébuleuse de l’Iris – Caldwell 4	21,0278416666667	68,165	6,8	0,16667	0,13334	Céphée	NGC
NGC 6888	Nébuleuse en émission	Nébuleuse du Croissant – Caldwell 27 – SH2-105	20,2023444444444	38,3578333333333	7,4	0,3334	0,16667	Le Cygne	NGC
NGC 7635	Région HII	Nébuleuse de la Bulle – Caldwell 11 – SH2-162	23,3474194444444	61,2007777777778	10	0,25	0,13334	Cassiopée	NGC
SH2-101	Région HII	Nébuleuse de la Tulipe	19,9989861111111	35,2799444444444	9	0,3334	0,25	Le Cygne	Sharpless
IC 1396	Amas associé à une nébulosité	Nébuleuse de la Trompe d’éléphant – SH2-131	21,6506583333333	57,4911944444444	3,5	0,2	0,06667	Céphée	IC
NGC 7380	Amas associé à une nébulosité	Nébuleuse du Sorcier – SH2-142	22,7897805555556	58,1318611111111	7,2	0,416667	0,3334	Céphée	NGC
IC 5146	Amas associé à une nébulosité	Nébuleuse du Cocon – Caldwell 19 – SH2-125	21,8905222222222	47,2681944444445	7,2	0,2	0,2	Le Cygne	IC
SH2-114	Région HII	Flying Dragon Nebula	21,3537666666667	38,7024444444444	0	0,2	0,1	Le Cygne	Sharpless
NGC 7317	Galaxie	Quintette de Stephan	22,5981638888889	33,9463888888889	13,6	0,009616667	0,00885	Pégase	NGC
NGC 7318	Galaxie	Quintette de Stephan	22,5981638888889	33,9463888888889	13,6	0,009616667	0,00885	Pégase	NGC
NGC 7319	Galaxie	Quintette de Stephan	22,5981638888889	33,9463888888889	13,6	0,009616667	0,00885	Pégase	NGC
NGC 7320	Galaxie	Quintette de Stephan	22,5981638888889	33,9463888888889	13,6	0,009616667	0,00885	Pégase	NGC
NGC 6823	Amas associé à une nébulosité	SH2-86	19,7194944444444	23,3031944444444	7,1	0,6667	0,5	Le Petit Renard	NGC
IC 1795	Région HII	Nébuleuse de la Tête de Poisson	2,42911388888889	62,1005	0	0,2	0,2	Cassiopée	IC
IC 59	Nébuleuse par réflexion	Nébuleuse Y Cas	0,962338888888889	61,0813611111111	13,33	0,16667	0,083334	Cassiopée	IC
IC 63	Région HII	Nébuleuse Y Cas	0,984269444444444	60,8863611111111	13,33	0,16667	0,05	Cassiopée	IC
IC 1318	Région HII	Nébuleuse Y Cyg	20,2804055555556	41,9603333333333	0	0,75	0,3334	Le Cygne	IC
IC 410	Amas associé à une nébulosité	Nébuleuse des Têtards – SH2-236	5,36655555555556	33,4789166666667	0	0,6667	0,5	Le Cocher	IC
IC 405	Nébuleuse en émission	Nébuleuse de l’Etoile Flamboyante – Caldwell 31 - SH2-229	5,28989722222222	34,3788333333333	6	0,83334	0,5	Le Cocher	IC
NGC 7822	Région HII	SH2-171	0,019875	67,4201111111111	0	0,383334	0,383334	Céphée	NGC
NGC 6302	Nébuleuse planétaire	Nébuleuse de l’insecte (papillon) – Caldwell 69 – SH2-6	17,22854723	-37,1032778	9,6	0,024667	0,01238334	Le Scorpion	NGC
NGC 2174	Région HII	Nébuleuse de la tête de Singe – NGC 2175	6,162386112	20,49980556	0	0,6667	0,5	Orion	NGC
NGC 16	Galaxie	UGC 80	0,151167	27,73	12	0,03	0,016667	Pégase	NGC
NGC 23	Galaxie	UGC 89	0,164806	25,923889	12	0,035	0,021667	Pégase	NGC
NGC 24	Galaxie	ESO 472-16	0,165583	-24,964444	11,6	0,096667	0,021667	Le Sculpteur	NGC
NGC 45	Galaxie	ESO 473-1 – DDO 223	0,234444	-23,181389	10,6	0,141667	0,098333	La Baleine	NGC
NGC 55	Galaxie	ESO 293-50	0,252222	-39,219444	7,9	0,52	0,098333	Le Sculpteur	NGC
NGC 57	Galaxie	UGC 145	0,258583	17,329167	11,6	0,036667	0,031667	Les Poissons	NGC
NGC 63	Galaxie	UGC 167	0,295972	11,45	11,7	0,028333	0,02	Les Poissons	NGC
NGC 103	Amas d’étoiles ouvert	OCL 291	0,421472	61,321944	9,8	0,083333	0,083333	Cassiopée	NGC
NGC 104	Amas d’étoiles globulaire	47 Tucanae – ESO 50-SC9	0,401444	-72,080278	4	0,833333	0,833333	Le Toucan	NGC
NGC 121	Amas d’étoiles globulaire	Petit Nuage de Magellan – ESO 50-SC12	0,446417	-71,536667	11,2	0,025	0,025	Le Toucan	NGC
NGC 128	Galaxie	UGC 292	0,487472	2,865	11,8	0,041667	0,011667	Les Poissons	NGC
NGC 129	Amas d’étoiles ouvert	OCL 294	0,499444	60,211667	6,5	0,2	0,2	Cassiopée	NGC
NGC 133	Amas d’étoiles ouvert	OCL 296	0,521667	63,351667	9,4	0,05	0,05	Cassiopée	NGC
NGC 134	Galaxie	ESO 350-23	0,506056	-33,245	10,4	0,14	0,03	Le Sculpteur	NGC
NGC 136	Amas d’étoiles ouvert	OCL 295	0,525194	61,509167	11,5	0,025	0,025	Cassiopée	NGC
NGC 146	Amas d’étoiles ouvert	OCL 299	0,550833	63,301667	9,1	0,083333	0,083333	Cassiopée	NGC
NGC 147	Galaxie	UGC 326 – DDO 3	0,55325	48,507222	9,5	0,22	0,13	Cassiopée	NGC
NGC 150	Galaxie	ESO 410-19	0,571028	-27,805	11,4	0,065	0,031667	Le Sculpteur	NGC
NGC 151	Galaxie	MCG -2-2-54	0,567444	-9,705	11,6	0,063333	0,026667	La Baleine	NGC
NGC 157	Galaxie	MCG -2-2-56	0,579556	-8,396111	10,4	0,058333	0,04	La Baleine	NGC
NGC 188	Amas d’étoiles ouvert	OCL 309	0,791667	85,258333	8,1	0,25	0,25	Céphée	NGC
NGC 189	Amas d’étoiles ouvert	OCL 301	0,659889	61,095	8,8	0,083333	0,083333	Cassiopée	NGC
NGC 210	Galaxie	MCG -2-2-81	0,676333	-13,8725	10,9	0,083333	0,055	La Baleine	NGC
NGC 225	Amas d’étoiles ouvert	OCL 305	0,726667	61,766667	7	0,25	0,25	Cassiopée	NGC
NGC 247	Galaxie	ESO 540-22	0,785639	-20,76	9,1	0,32	0,091667	La Baleine	NGC
NGC 254	Galaxie	ESO 411-15	0,790972	-31,421944	11,7	0,043333	0,028333	Le Sculpteur	NGC
NGC 255	Galaxie	MCG -2-3-17	0,796472	-11,468333	11,9	0,051667	0,045	La Baleine	NGC
NGC 266	Galaxie	UGC 508	0,829944	32,2775	11,6	0,05	0,048333	Les Poissons	NGC
NGC 271	Galaxie	UGC 519	0,844972	-1,910556	12	0,036667	0,028333	La Baleine	NGC
NGC 274	Galaxie	Arp 140	0,8505	-7,056667	11,8	0,023333	0,02	La Baleine	NGC
NGC 278	Galaxie	UGC 528	0,867917	47,550833	10,8	0,035	0,033333	Cassiopée	NGC
NGC 288	Amas d’étoiles globulaire	ESO 474-SC37	0,879306	-26,5975	8,1	0,216667	0,216667	Le Sculpteur	NGC
NGC 289	Galaxie	ESO 411-25	0,878361	-31,205556	11	0,085	0,06	Le Sculpteur	NGC
NGC 290	Amas d’étoiles ouvert	Petit Nuage de Magellan – ESO 29-SC19	0,854083	-73,1625	12	0,013333	0,013333	Le Toucan	NGC
NGC 292	Galaxie	Petit Nuage de Magellan – ESO 29-21	0,877222	-72,8	2,3	5,318333	3,418333	Le Toucan	NGC
NGC 300	Galaxie	ESO 295-20	0,914806	-37,684167	8,1	0,316667	0,215	Le Sculpteur	NGC
NGC 309	Galaxie	MCG -2-3-50	0,945167	-9,914167	11,9	0,05	0,04	La Baleine	NGC
NGC 315	Galaxie	UGC 597	0,963611	30,351944	11,2	0,05	0,041667	Les Poissons	NGC
NGC 330	Amas d’étoiles ouvert	Petit Nuage de Magellan – ESO 29-SC24	0,938833	-72,462222	9,6	0,023333	0,023333	Le Toucan	NGC
NGC 337	Galaxie	MCG -1-3-53	0,997194	-7,578056	11,6	0,05	0,03	La Baleine	NGC
NGC 357	Galaxie	MCG -1-3-81	1,056056	-6,339167	12	0,041667	0,028333	La Baleine	NGC
NGC 362	Amas d’étoiles globulaire	ESO 51-SC13	1,053972	-70,847778	6,8	0,233333	0,233333	Le Toucan	NGC
NGC 376	Amas d’étoiles ouvert	Petit Nuage de Magellan – ESO 29-SC29	1,064833	-72,823889	10,9	0,016667	0,016667	Le Toucan	NGC
NGC 381	Amas d’étoiles ouvert	OCL 317	1,138889	61,583333	9,3	0,116667	0,116667	Cassiopée	NGC
NGC 404	Galaxie	Fantôme de Mirach – UGC 718	1,157472	35,718333	10,3	0,058333	0,058333	Andromède	NGC
NGC 410	Galaxie	UGC 735	1,183	33,1525	11,5	0,04	0,021667	Les Poissons	NGC
NGC 419	Amas d’étoiles ouvert	Petit Nuage de Magellan – ESO 29-SC33	1,138111	-72,883333	11,2	0,04	0,04	Le Toucan	NGC
NGC 428	Galaxie	UGC 763	1,215444	0,981389	11,5	0,066667	0,048333	La Baleine	NGC
NGC 434	Galaxie	ESO 113-23	1,203972	-58,247222	12	0,036667	0,02	Le Toucan	NGC
NGC 436	Amas d’étoiles ouvert	OCL 320	1,266111	58,811667	8,8	0,083333	0,083333	Cassiopée	NGC
NGC 439	Galaxie	ESO 412-18	1,229778	-31,747222	11,5	0,041667	0,025	Le Sculpteur	NGC
NGC 450	Galaxie	UGC 806	1,258444	0,861389	11,8	0,05	0,04	La Baleine	NGC
NGC 465	Amas d’étoiles ouvert	Petit Nuage de Magellan – ESO 29-SC40	1,261861	-73,324167	11,5	0,033333	0,033333	Le Toucan	NGC
NGC 467	Galaxie	UGC 848	1,319472	3,301389	11,8	0,028333	0,028333	Les Poissons	NGC
NGC 470	Galaxie	Arp 227 – UGC 858	1,329111	3,409167	11,8	0,048333	0,028333	Les Poissons	NGC
NGC 474	Galaxie	Arp 227 – UGC 864	1,335194	3,416111	11,5	0,118333	0,105	Les Poissons	NGC
NGC 484	Galaxie	ESO 113-36	1,326333	-58,524444	11,1	0,031667	0,023333	Le Toucan	NGC
NGC 488	Galaxie	UGC 907	1,362944	5,255833	10,3	0,09	0,065	Les Poissons	NGC
NGC 507	Galaxie	Arp 229 – UGC 938	1,394444	33,256667	11,2	0,041667	0,041667	Les Poissons	NGC
NGC 514	Galaxie	UGC 947	1,401083	12,917222	11,7	0,061667	0,05	Les Poissons	NGC
NGC 520	Galaxie	Arp 157 – UGC 966	1,409639	3,794167	11,4	0,056667	0,028333	Les Poissons	NGC
NGC 521	Galaxie	UGC 962	1,409333	1,731389	11,7	0,045	0,04	La Baleine	NGC
NGC 524	Galaxie	UGC 968	1,413278	9,538611	10,2	0,046667	0,046667	Les Poissons	NGC
NGC 533	Galaxie	UGC 992	1,425389	1,759167	11,4	0,063333	0,038333	La Baleine	NGC
NGC 559	Amas d’étoiles ouvert	OCL 322	1,491944	63,301667	9,5	0,116667	0,116667	Cassiopée	NGC
NGC 578	Galaxie	ESO 476-15	1,508028	-22,666667	10,9	0,08	0,05	La Baleine	NGC
NGC 584	Galaxie	IC 1712	1,522361	-6,867222	10,5	0,068333	0,033333	La Baleine	NGC
NGC 596	Galaxie	MCG -1-5-5	1,547778	-7,031944	10,9	0,053333	0,033333	La Baleine	NGC
NGC 604	Région HII	Région HII de M 33	1,575722	30,784444	12	0,0325	0,0325	Le Triangle	NGC
NGC 609	Amas d’étoiles ouvert	OCL 325	1,606583	64,536667	11	0,05	0,05	Cassiopée	NGC
NGC 613	Galaxie	ESO 413-11	1,571778	-29,418611	10,1	0,091667	0,07	Le Sculpteur	NGC
NGC 615	Galaxie	MCG -1-5-8	1,584917	-7,340278	11,6	0,045	0,015	La Baleine	NGC
NGC 625	Galaxie	ESO 297-5	1,584556	-41,4375	11,2	0,096667	0,031667	Le Phénix	NGC
NGC 630	Galaxie	ESO 297-9	1,5935	-39,357778	11,9	0,026667	0,023333	Le Sculpteur	NGC
NGC 636	Galaxie	MCG -1-5-13	1,651806	-7,512222	11,5	0,046667	0,033333	La Baleine	NGC
NGC 637	Amas d’étoiles ouvert	OCL 329	1,7175	64,036667	8,2	0,05	0,05	Cassiopée	NGC
NGC 654	Amas d’étoiles ouvert	OCL 330	1,733167	61,882778	6,5	0,1	0,1	Cassiopée	NGC
NGC 659	Amas d’étoiles ouvert	OCL 332	1,74	60,67	7,9	0,1	0,1	Cassiopée	NGC
NGC 660	Galaxie	UGC 1201	1,717167	13,643611	11,2	0,138333	0,053333	Les Poissons	NGC
NGC 672	Galaxie	UGC 1256	1,798333	27,432778	10,9	0,1	0,04	Le Triangle	NGC
NGC 674	Galaxie	UGC 1317	1,854861	22,3575	12	0,066667	0,021667	Le Bélier	NGC
NGC 676	Galaxie	UGC 1270	1,815889	5,906111	11,9	0,066667	0,016667	Les Poissons	NGC
NGC 680	Galaxie	UGC 1286	1,829806	21,971111	11,9	0,03	0,026667	Le Bélier	NGC
NGC 681	Galaxie	Petit Sombrero – MCG -2-5-52	1,819667	-10,427222	12	0,045	0,03	La Baleine	NGC
NGC 685	Galaxie	ESO 152-24	1,795222	-52,761944	11	0,06	0,051667	L’Eridan	NGC
NGC 691	Galaxie	UGC 1305	1,844917	21,760278	11,4	0,056667	0,041667	Le Bélier	NGC
NGC 718	Galaxie	UGC 1356	1,886944	4,195556	11,7	0,038333	0,036667	Les Poissons	NGC
NGC 720	Galaxie	MCG -2-5-68	1,883444	-13,738611	10,2	0,078333	0,04	La Baleine	NGC
NGC 741	Galaxie	IC 1751 – UGC 1413	1,939139	5,628611	11,1	0,05	0,048333	Les Poissons	NGC
NGC 744	Amas d’étoiles ouvert	OCL 345	1,975833	55,473333	7,9	0,083333	0,083333	Persée	NGC
NGC 750	Galaxie	Arp 166 – UGC 1430	1,959056	33,209722	11,9	0,026667	0,021667	Le Triangle	NGC
NGC 752	Amas d’étoiles ouvert	OCL 363	1,959722	37,833333	5,7	1,25	1,25	Andromède	NGC
NGC 777	Galaxie	UGC 1476	2,004111	31,429722	11,5	0,041667	0,033333	Le Triangle	NGC
NGC 779	Galaxie	MCG -1-6-16	1,995167	-5,964167	11,2	0,068333	0,02	La Baleine	NGC
NGC 782	Galaxie	ESO 114-15	1,961139	-57,790833	11,9	0,04	0,035	L’Eridan	NGC
NGC 784	Galaxie	UGC 1501	2,021417	28,838056	11,7	0,11	0,026667	Le Triangle	NGC
NGC 812	Galaxie	UGC 1598	2,114361	44,5725	11,3	0,036667	0,013333	Andromède	NGC
NGC 821	Galaxie	UGC 1631	2,139167	10,994167	10,7	0,04	0,028333	Le Bélier	NGC
NGC 862	Galaxie	ESO 298-20	2,217444	-42,033611	11,8	0,013333	0,013333	Le Phénix	NGC
NGC 864	Galaxie	UGC 1736	2,257639	6,001944	10,9	0,078333	0,058333	La Baleine	NGC
NGC 877	Galaxie	UGC 1768	2,299917	14,543889	11,9	0,04	0,031667	Le Bélier	NGC
NGC 890	Galaxie	UGC 1823	2,366944	33,266389	11,2	0,041667	0,028333	Le Triangle	NGC
NGC 895	Galaxie	MCG -1-7-2	2,360139	-5,521111	11,7	0,06	0,043333	La Baleine	NGC
NGC 897	Galaxie	ESO 355-7	2,351778	-33,720833	11,8	0,035	0,021667	Le Fourneau	NGC
NGC 908	Galaxie	ESO 545-11	2,384611	-21,233333	10,2	0,101667	0,045	La Baleine	NGC
NGC 925	Galaxie	UGC 1913	2,454667	33,578889	10,1	0,175	0,098333	Le Triangle	NGC
NGC 949	Galaxie	UGC 1983	2,513556	37,135833	11,8	0,05	0,026667	Le Triangle	NGC
NGC 955	Galaxie	UGC 1986	2,509194	-1,108333	12	0,048333	0,015	La Baleine	NGC
NGC 957	Amas d’étoiles ouvert	OCL 362	2,555833	57,56	7,6	0,166667	0,166667	Persée	NGC
NGC 972	Galaxie	UGC 2045	2,570361	29,310278	11,4	0,055	0,026667	Le Bélier	NGC
NGC 986	Galaxie	ESO 299-7	2,559472	-39,045833	10,9	0,066667	0,053333	Le Fourneau	NGC
NGC 988	Galaxie	MCG -2-7-37	2,590917	-9,355	11	0,068333	0,026667	La Baleine	NGC
NGC 991	Galaxie	MCG -1-7-23	2,592389	-7,155	11,7	0,05	0,045	La Baleine	NGC
NGC 1003	Galaxie	UGC 2137	2,654611	40,872778	11,5	0,071667	0,021667	Persée	NGC
NGC 1012	Galaxie	UGC 2141	2,654083	30,151389	12	0,041667	0,018333	Le Bélier	NGC
NGC 1016	Galaxie	UGC 2128	2,638778	2,119167	11,6	0,033333	0,033333	La Baleine	NGC
NGC 1022	Galaxie	MCG -1-7-25	2,642361	-6,6775	11,3	0,04	0,036667	La Baleine	NGC
NGC 1027	Amas d’étoiles ouvert	IC 1824	2,71	61,595	6,7	0,25	0,25	Cassiopée	NGC
NGC 1032	Galaxie	UGC 2147	2,656556	1,093889	11,6	0,056667	0,018333	La Baleine	NGC
NGC 1042	Galaxie	MCG -2-7-54	2,673306	-8,434167	11	0,071667	0,06	La Baleine	NGC
NGC 1052	Galaxie	MCG -1-7-34	2,684611	-8,254722	10,5	0,046667	0,033333	La Baleine	NGC
NGC 1055	Galaxie	UGC 2173	2,695917	0,442778	10,6	0,126667	0,045	La Baleine	NGC
NGC 1058	Galaxie	UGC 2193	2,724972	37,341389	11,2	0,041667	0,041667	Persée	NGC
NGC 1060	Galaxie	UGC 2191	2,720833	32,424722	11,8	0,038333	0,028333	Le Triangle	NGC
NGC 1070	Galaxie	UGC 2200	2,722778	4,968611	11,9	0,038333	0,031667	La Baleine	NGC
NGC 1073	Galaxie	UGC 2210	2,727861	1,376111	11	0,081667	0,071667	La Baleine	NGC
NGC 1079	Galaxie	ESO 416-13	2,729028	-29,002778	11,5	0,091667	0,051667	Le Fourneau	NGC
NGC 1084	Galaxie	MCG -1-8-7	2,766611	-7,577778	10,7	0,046667	0,023333	L’Eridan	NGC
NGC 1087	Galaxie	UGC 2245	2,773667	0,499167	10,9	0,065	0,038333	La Baleine	NGC
NGC 1090	Galaxie	UGC 2247	2,776111	0,247778	11,8	0,065	0,03	La Baleine	NGC
NGC 1097	Galaxie	Arp 77 – ESO 416-20	2,772083	-30,275556	9,5	0,156667	0,11	Le Fourneau	NGC
NGC 1156	Galaxie	UGC 2455	2,995028	25,237222	11,7	0,043333	0,028333	Le Bélier	NGC
NGC 1161	Galaxie	UGC 2474	3,020583	44,8975	11	0,046667	0,033333	Persée	NGC
NGC 1169	Galaxie	UGC 2503	3,059667	46,386389	11,3	0,066667	0,043333	Persée	NGC
NGC 1172	Galaxie	MCG -3-8-59	3,026667	-14,836667	11,9	0,038333	0,028333	L’Eridan	NGC
NGC 1174	Galaxie	UGC 2521	3,091917	42,835556	11,4	0,053333	0,02	Persée	NGC
NGC 1179	Galaxie	ESO 547-1	3,044028	-18,897778	12	0,078333	0,063333	L’Eridan	NGC
NGC 1187	Galaxie	ESO 480-23	3,043778	-22,867222	10,8	0,07	0,053333	L’Eridan	NGC
NGC 1199	Galaxie	HCG 22A	3,060667	-15,613333	11,4	0,038333	0,028333	L’Eridan	NGC
NGC 1200	Galaxie	MCG -2-8-43	3,065139	-11,991389	12	0,048333	0,038333	L’Eridan	NGC
NGC 1201	Galaxie	ESO 480-28	3,068861	-26,068889	10,7	0,06	0,035	Le Fourneau	NGC
NGC 1209	Galaxie	MCG -3-8-73	3,100806	-15,611111	11,5	0,036667	0,018333	L’Eridan	NGC
NGC 1220	Amas d’étoiles ouvert	OCL 380	3,194611	53,348056	11,8	0,033333	0,033333	Persée	NGC
NGC 1241	Galaxie	Arp 304	3,187389	-8,922222	12	0,056667	0,026667	L’Eridan	NGC
NGC 1245	Amas d’étoiles ouvert	OCL 389	3,244833	47,238611	8,4	0,166667	0,166667	Persée	NGC
NGC 1249	Galaxie	ESO 155-6	3,166972	-53,336111	11,8	0,078333	0,041667	L’Horloge	NGC
NGC 1253	Galaxie	Arp 279	3,235889	-2,823056	11,7	0,088333	0,038333	L’Eridan	NGC
NGC 1255	Galaxie	ESO 481-13	3,225556	-25,724444	10,9	0,07	0,045	Le Fourneau	NGC
NGC 1261	Amas d’étoiles globulaire	ESO 155-SC11	3,20425	-55,216389	8,3	0,113333	0,113333	L’Horloge	NGC
NGC 1269	Galaxie	ESO 301-2	3,288417	-41,107222	8,5	0,183333	0,158333	L’Eridan	NGC
NGC 1272	Galaxie	UGC 2662	3,322583	41,490556	11,8	0,036667	0,033333	Persée	NGC
NGC 1275	Galaxie	Perseus A – UGC 2669	3,330028	41,511389	11,9	0,038333	0,026667	Persée	NGC
NGC 1297	Galaxie	ESO 547-30	3,320556	-19,1	11,8	0,038333	0,031667	L’Eridan	NGC
NGC 1300	Galaxie	ESO 547-31	3,327972	-19,411389	10,4	0,103333	0,068333	L’Eridan	NGC
NGC 1302	Galaxie	ESO 481-20	3,330861	-26,060556	10,7	0,065	0,061667	Le Fourneau	NGC
NGC 1309	Galaxie	MCG -3-9-28	3,368417	-15,4	11,5	0,038333	0,036667	L’Eridan	NGC
NGC 1313	Galaxie	ESO 82-11	3,304444	-66,495278	8,7	0,153333	0,12	Le Réticule	NGC
NGC 1316	Galaxie	Fornax A – Arp 154 – ESO 357-22	3,378167	-37,207778	8,5	0,183333	0,12	Le Fourneau	NGC
NGC 1317	Galaxie	ESO 357-23	3,378944	-37,103333	11	0,046667	0,04	Le Fourneau	NGC
NGC 1325	Galaxie	ESO 548-7	3,407083	-21,543056	11,5	0,08	0,026667	L’Eridan	NGC
NGC 1326	Galaxie	ESO 357-26	3,399	-36,464167	10,5	0,065	0,048333	Le Fourneau	NGC
NGC 1332	Galaxie	ESO 548-18	3,438056	-21,334444	10,3	0,075	0,023333	L’Eridan	NGC
NGC 1337	Galaxie	MCG -2-9-42	3,468222	-8,388333	11,9	0,095	0,025	L’Eridan	NGC
NGC 1339	Galaxie	ESO 418-4	3,468472	-32,285556	11,6	0,025	0,018333	Le Fourneau	NGC
NGC 1340	Galaxie	ESO 418-5	3,472083	-31,068056	10,4	0,08	0,051667	Le Fourneau	NGC
NGC 1341	Galaxie	ESO 358-8	3,466194	-37,149444	11,8	0,02	0,018333	Le Fourneau	NGC
NGC 1342	Amas d’étoiles ouvert	OCL 401	3,527222	37,376667	6,7	0,283333	0,283333	Persée	NGC
NGC 1350	Galaxie	ESO 358-13	3,518861	-33,627222	10,3	0,098333	0,051667	Le Fourneau	NGC
NGC 1351	Galaxie	ESO 358-12	3,509694	-34,853333	11,6	0,046667	0,028333	Le Fourneau	NGC
NGC 1353	Galaxie	ESO 548-31	3,534194	-20,818889	11,5	0,056667	0,023333	L’Eridan	NGC
NGC 1357	Galaxie	MCG -2-10-1	3,55475	-13,664444	11,5	0,053333	0,04	L’Eridan	NGC
NGC 1360	Nébuleuse planétaire	ESO 482-PN7 – PK 220-53.1	3,554056	-25,871111	9,4	0,107	0,107	Le Fourneau	NGC
NGC 1365	Galaxie	ESO 358-17	3,560194	-36,140833	9,6	0,183333	0,103333	Le Fourneau	NGC
NGC 1366	Galaxie	ESO 418-10	3,564889	-31,193333	11,1	0,035	0,015	Le Fourneau	NGC
NGC 1367	Galaxie	ESO 482-10	3,583667	-24,933333	10,7	0,093333	0,065	Le Fourneau	NGC
NGC 1374	Galaxie	ESO 358-23	3,587944	-35,225833	11,1	0,045	0,04	Le Fourneau	NGC
NGC 1379	Galaxie	ESO 358-27	3,601056	-35,440833	10,9	0,04	0,038333	Le Fourneau	NGC
NGC 1380	Galaxie	ESO 358-28	3,607639	-34,975278	9,9	0,066667	0,04	Le Fourneau	NGC
NGC 1381	Galaxie	ESO 358-29	3,608833	-35,295278	11,5	0,043333	0,013333	Le Fourneau	NGC
NGC 1385	Galaxie	ESO 482-16	3,624611	-24,502778	10,9	0,06	0,036667	Le Fourneau	NGC
NGC 1386	Galaxie	ESO 358-35	3,612861	-35,998889	11,2	0,056667	0,021667	L’Eridan	NGC
NGC 1387	Galaxie	ESO 358-36	3,615889	-35,505833	10,7	0,046667	0,043333	Le Fourneau	NGC
NGC 1389	Galaxie	ESO 358-38	3,619917	-35,745556	11,5	0,038333	0,02	L’Eridan	NGC
NGC 1393	Galaxie	ESO 548-58	3,644	-18,428611	12	0,028333	0,021667	L’Eridan	NGC
NGC 1395	Galaxie	ESO 482-19	3,641556	-23,027222	9,6	0,083333	0,075	L’Eridan	NGC
NGC 1398	Galaxie	ESO 482-22	3,647778	-26,337222	9,7	0,12	0,086667	Le Fourneau	NGC
NGC 1399	Galaxie	ESO 358-45	3,641361	-35,449722	9,6	0,115	0,108333	Le Fourneau	NGC
NGC 1400	Galaxie	ESO 548-62	3,658528	-18,688056	11	0,041667	0,035	L’Eridan	NGC
NGC 1404	Galaxie	ESO 358-46	3,647694	-35,592778	10	0,055	0,05	L’Eridan	NGC
NGC 1406	Galaxie	ESO 418-15	3,656389	-31,322222	11,8	0,065	0,011667	Le Fourneau	NGC
NGC 1407	Galaxie	ESO 548-67	3,669944	-18,580278	9,7	0,076667	0,071667	L’Eridan	NGC
NGC 1411	Galaxie	IC 1943 – ESO 249-11	3,645806	-44,100556	11,3	0,03	0,023333	L’Horloge	NGC
NGC 1415	Galaxie	IC 1983 – ESO 482-33	3,682472	-22,564167	11,9	0,06	0,028333	L’Eridan	NGC
NGC 1421	Galaxie	MCG -2-10-8	3,708167	-13,487778	11,4	0,056667	0,013333	L’Eridan	NGC
NGC 1425	Galaxie	ESO 419-4	3,703194	-29,894167	10,6	0,096667	0,041667	Le Fourneau	NGC
NGC 1426	Galaxie	ESO 549-1	3,713694	-22,107778	11,4	0,043333	0,026667	L’Eridan	NGC
NGC 1427	Galaxie	ESO 358-52	3,705333	-35,392778	10,9	0,063333	0,043333	Le Fourneau	NGC
NGC 1433	Galaxie	ESO 249-14	3,700333	-47,221944	9,9	0,108333	0,098333	L’Horloge	NGC
NGC 1436	Galaxie	ESO 358-58	3,726972	-35,854167	11,7	0,051667	0,033333	L’Eridan	NGC
NGC 1439	Galaxie	ESO 549-9	3,747167	-21,920278	11,4	0,04	0,036667	L’Eridan	NGC
NGC 1440	Galaxie	ESO 549-10	3,750806	-18,266389	11,6	0,036667	0,026667	L’Eridan	NGC
NGC 1444	Amas d’étoiles ouvert	OCL 394	3,823611	52,655	6,6	0,066667	0,066667	Persée	NGC
NGC 1448	Galaxie	ESO 249-16	3,742028	-44,645833	10,7	0,126667	0,028333	L’Horloge	NGC
NGC 1452	Galaxie	ESO 549-12	3,756194	-18,633056	11,8	0,046667	0,025	L’Eridan	NGC
NGC 1453	Galaxie	MCG -1-10-34	3,774222	-3,968889	11,5	0,04	0,031667	L’Eridan	NGC
NGC 1461	Galaxie	MCG -3-10-47	3,807528	-16,392778	11,8	0,05	0,015	L’Eridan	NGC
NGC 1466	Amas d’étoiles globulaire	ESO 54-SC16	3,742611	-71,671667	11,4	0,031667	0,031667	L’Hydre mâle	NGC
NGC 1487	Galaxie	ESO 249-31	3,929167	-42,367778	11,6	0,04	0,028333	L’Eridan	NGC
NGC 1493	Galaxie	ESO 249-33	3,957639	-46,211667	11,3	0,046667	0,046667	L’Horloge	NGC
NGC 1494	Galaxie	ESO 201-12	3,961806	-48,909444	11,7	0,055	0,033333	L’Horloge	NGC
NGC 1496	Amas d’étoiles ouvert	OCL 396	4,0755	52,661389	9,6	0,05	0,05	Persée	NGC
NGC 1502	Amas d’étoiles ouvert	OCL 383	4,130333	62,331667	6,9	0,333333	0,333333	La Girafe	NGC
NGC 1511	Galaxie	ESO 55-4	3,993556	-67,634722	11,3	0,058333	0,021667	L’Hydre mâle	NGC
NGC 1512	Galaxie	ESO 250-4	4,065	-43,348889	10,3	0,148333	0,093333	L’Horloge	NGC
NGC 1513	Amas d’étoiles ouvert	OCL 398	4,165833	49,515	8,4	0,2	0,2	Persée	NGC
NGC 1514	Nébuleuse planétaire	PK 165-15.1	4,154722	30,776389	10,9	0,036667	0,036667	Le Taureau	NGC
NGC 1515	Galaxie	ESO 156-36	4,06725	-54,1	11,2	0,09	0,021667	La Dorade	NGC
NGC 1518	Galaxie	ESO 550-7	4,113611	-21,179444	11,8	0,048333	0,023333	L’Eridan	NGC
NGC 1521	Galaxie	ESO 550-11	4,138528	-21,051667	11,4	0,045	0,026667	L’Eridan	NGC
NGC 1527	Galaxie	ESO 201-20	4,140028	-47,896667	10,8	0,065	0,025	L’Horloge	NGC
NGC 1528	Amas d’étoiles ouvert	OCL 397	4,255278	51,211667	6,4	0,3	0,3	Persée	NGC
NGC 1530	Galaxie	UGC 3013	4,390806	75,294444	11,5	0,073333	0,041667	La Girafe	NGC
NGC 1531	Galaxie	ESO 359-26	4,19975	-32,850833	11,9	0,02	0,015	L’Eridan	NGC
NGC 1532	Galaxie	ESO 359-27	4,201056	-32,873056	9,9	0,193333	0,056667	L’Eridan	NGC
NGC 1533	Galaxie	ESO 157-3	4,164417	-56,117778	10,7	0,046667	0,038333	La Dorade	NGC
NGC 1537	Galaxie	ESO 420-12	4,227972	-31,645556	10,6	0,065	0,043333	L’Eridan	NGC
NGC 1543	Galaxie	ESO 118-10	4,211972	-57,737222	10,5	0,063333	0,046667	Le Réticule	NGC
NGC 1545	Amas d’étoiles ouvert	OCL 399	4,348944	50,255278	6,2	0,2	0,2	Persée	NGC
NGC 1546	Galaxie	ESO 157-12	4,243528	-56,060278	10,9	0,053333	0,031667	La Dorade	NGC
NGC 1549	Galaxie	ESO 157-16	4,2625	-55,591389	9,8	0,081667	0,068333	La Dorade	NGC
NGC 1550	Galaxie	UGC 3012	4,32725	2,409444	12	0,036667	0,031667	Le Taureau	NGC
NGC 1553	Galaxie	ESO 157-17	4,269611	-55,779444	9,4	0,075	0,046667	La Dorade	NGC
NGC 1559	Galaxie	ESO 84-10	4,293528	-62,783889	10,7	0,058333	0,033333	Le Réticule	NGC
NGC 1560	Galaxie	UGC 3060	4,546528	71,879444	11,4	0,163333	0,025	La Girafe	NGC
NGC 1566	Galaxie	ESO 157-20	4,333472	-54,937222	9,7	0,136667	0,108333	La Dorade	NGC
NGC 1567	Galaxie	ESO 202-10	4,352417	-48,254722	11,5	0,021667	0,021667	Le Burin	NGC
NGC 1569	Galaxie	Arp 210 – UGC 3056	4,513639	64,848056	11	0,061667	0,03	La Girafe	NGC
NGC 1573	Galaxie	UGC 3077	4,5845	73,263056	11,7	0,031667	0,021667	La Girafe	NGC
NGC 1574	Galaxie	ESO 157-22	4,366278	-56,974444	10,4	0,066667	0,06	Le Réticule	NGC
NGC 1582	Amas d’étoiles ouvert	OCL 407	4,5275	43,743333	7	0,4	0,4	Persée	NGC
NGC 1587	Galaxie	UGC 3063	4,511111	0,6625	11,7	0,028333	0,023333	Le Taureau	NGC
NGC 1589	Galaxie	UGC 3065	4,512611	0,863333	11,8	0,053333	0,016667	Le Taureau	NGC
NGC 1596	Galaxie	ESO 157-31	4,460556	-55,026389	11,2	0,061667	0,015	La Dorade	NGC
NGC 1600	Galaxie	MCG -1-12-17	4,52775	-5,087222	10,9	0,041667	0,028333	L’Eridan	NGC
NGC 1605	Amas d’étoiles ouvert	OCL 406	4,581167	45,271389	10,7	0,083333	0,083333	Persée	NGC
NGC 1617	Galaxie	ESO 157-41	4,527639	-54,601944	10,4	0,071667	0,035	La Dorade	NGC
NGC 1624	Amas associé à une nébulosité	LBN 722	4,676778	50,461667	11,8	0,05	0,05	Persée	NGC
NGC 1637	Galaxie	MCG 0-12-68	4,691167	-2,857778	10,8	0,055	0,045	L’Eridan	NGC
NGC 1638	Galaxie	UGC 3133	4,693444	-1,808333	12	0,03	0,02	L’Eridan	NGC
NGC 1640	Galaxie	ESO 551-27	4,704028	-20,434722	11,7	0,045	0,038333	L’Eridan	NGC
NGC 1647	Amas d’étoiles ouvert	OCL 457	4,761722	19,119167	6,4	0,666667	0,666667	Le Taureau	NGC
NGC 1653	Galaxie	UGC 3153	4,763194	-2,392778	12	0,025	0,025	L’Eridan	NGC
NGC 1662	Amas d’étoiles ouvert	OCL 470	4,8075	10,93	6,4	0,2	0,2	Orion	NGC
NGC 1664	Amas d’étoiles ouvert	OCL 411	4,8515	43,676111	7,6	0,3	0,3	Le Cocher	NGC
NGC 1672	Galaxie	ESO 118-43	4,761889	-59,247778	9,7	0,111667	0,093333	La Dorade	NGC
NGC 1679	Galaxie	ESO 422-1	4,832083	-31,967222	11,6	0,045	0,033333	Le Burin	NGC
NGC 1684	Galaxie	MCG -1-13-31	4,875306	-3,105556	12	0,036667	0,028333	Orion	NGC
NGC 1691	Galaxie	UGC 3201	4,910639	3,267778	12	0,038333	0,03	Orion	NGC
NGC 1700	Galaxie	MCG -1-13-38	4,948944	-4,865278	11,2	0,055	0,035	L’Eridan	NGC
NGC 1703	Galaxie	ESO 119-19	4,881083	-59,742778	11,3	0,048333	0,043333	La Dorade	NGC
NGC 1704	Amas d’étoiles ouvert	Grand Nuage de Magellan – ESO 56-SC9	4,832083	-69,756389	11,5	0,028333	0,028333	La Dorade	NGC
NGC 1711	Amas d’étoiles ouvert	Grand Nuage de Magellan – ESO 56-SC10	4,843389	-69,985556	10,1	0,04	0,04	La Table	NGC
NGC 1714	Nébuleuse en émission	Grand Nuage de Magellan – ESO 85-EN8	4,869	-66,925556	11,6	0,02	0,02	La Dorade	NGC
NGC 1723	Galaxie	MCG -2-13-29	4,990528	-10,980556	11,7	0,043333	0,03	L’Eridan	NGC
NGC 1726	Galaxie	MCG -1-13-42	4,994972	-7,755	11,7	0,028333	0,023333	L’Eridan	NGC
NGC 1727	Amas associé à une nébulosité	Grand Nuage de Magellan – ESO 56-SC14	4,872222	-69,345	11,1	0,041667	0,041667	La Dorade	NGC
NGC 1731	Amas associé à une nébulosité	Grand Nuage de Magellan – ESO 85-SC12	4,89225	-66,925278	9,9	0,133333	0,133333	La Dorade	NGC
NGC 1735	Amas d’étoiles ouvert	Grand Nuage de Magellan – ESO 85-SC15	4,905472	-67,099722	10,8	0,026667	0,026667	La Dorade	NGC
NGC 1744	Galaxie	ESO 486-5	4,999333	-26,022778	11,1	0,123333	0,058333	Le Lièvre	NGC
NGC 1747	Amas associé à une nébulosité	Grand Nuage de Magellan – ESO 85-SC16	4,919722	-67,168889	9,4	0,016667	0,016667	La Dorade	NGC
NGC 1754	Amas d’étoiles ouvert	Grand Nuage de Magellan – ESO 56-SC25	4,904972	-70,441667	12	0,016667	0,016667	La Table	NGC
NGC 1755	Amas d’étoiles ouvert	Grand Nuage de Magellan – ESO 56-SC28	4,920806	-68,204167	9,9	0,043333	0,043333	La Dorade	NGC
NGC 1761	Amas d’étoiles ouvert	Grand Nuage de Magellan – ESO 85-SC18	4,945	-66,479167	9,9	0,02	0,02	La Dorade	NGC
NGC 1767	Amas associé à une nébulosité	Grand Nuage de Magellan – ESO 56-SC31	4,940944	-69,400556	10,6	0,026667	0,026667	La Dorade	NGC
NGC 1772	Amas d’étoiles ouvert	Grand Nuage de Magellan – ESO 56-SC33	4,948028	-69,556111	11	0,025	0,025	La Dorade	NGC
NGC 1774	Amas d’étoiles ouvert	Grand Nuage de Magellan – ESO 85-SC26	4,968583	-67,2425	10,8	0,03	0,03	La Dorade	NGC
NGC 1778	Amas d’étoiles ouvert	OCL 429	5,134722	37,023333	7,7	0,133333	0,133333	Le Cocher	NGC
NGC 1782	Amas d’étoiles ouvert	Grand Nuage de Magellan – ESO 56-SC36	4,964222	-69,392222	10,5	0,02	0,02	La Dorade	NGC
NGC 1783	Amas d’étoiles ouvert	Grand Nuage de Magellan – ESO 85-SC29	4,985778	-65,985278	10,9	0,05	0,05	La Dorade	NGC
NGC 1784	Galaxie	MCG -2-13-42	5,090861	-11,871111	11,7	0,068333	0,043333	Le Lièvre	NGC
NGC 1786	Amas d’étoiles ouvert	Grand Nuage de Magellan – ESO 56-SC39	4,985528	-67,745278	10,9	0,026667	0,026667	La Dorade	NGC
NGC 1787	Amas d’étoiles ouvert	Grand Nuage de Magellan – ESO 85-SC31	5,000556	-65,795	10,9	0,383333	0,383333	La Dorade	NGC
NGC 1792	Galaxie	ESO 305-6	5,087167	-37,979722	10,2	0,086667	0,043333	La Colombe	NGC
NGC 1798	Amas d’étoiles ouvert	OCL 410	5,19425	47,695556	10	0,083333	0,083333	Le Cocher	NGC
NGC 1804	Amas d’étoiles ouvert	Grand Nuage de Magellan – ESO 56-SC46	5,017583	-69,082778	11,9	0,016667	0,016667	La Dorade	NGC
NGC 1805	Amas d’étoiles ouvert	Grand Nuage de Magellan – ESO 85-SC32	5,039278	-66,112222	10,6	0,036667	0,036667	La Dorade	NGC
NGC 1807	Amas d’étoiles ouvert	OCL 462	5,179444	16,513333	7	0,2	0,2	Le Taureau	NGC
NGC 1808	Galaxie	ESO 305-8	5,128472	-37,513333	9,9	0,108333	0,065	La Colombe	NGC
NGC 1810	Amas d’étoiles ouvert	Grand Nuage de Magellan – ESO 85-SC35	5,056472	-66,381944	11,9	0,02	0,02	La Dorade	NGC
NGC 1814	Amas associé à une nébulosité	Dans NGC 1820 – ESO 85-SC36	5,062917	-67,300833	9	0,016667	0,016667	La Dorade	NGC
NGC 1816	Amas d’étoiles ouvert	Dans NGC 1820 – ESO 85-SC37	5,064111	-67,260833	9	0,016667	0,016667	La Dorade	NGC
NGC 1817	Amas d’étoiles ouvert	OCL 463	5,2075	16,683333	7,7	0,333333	0,333333	Le Taureau	NGC
NGC 1818	Amas d’étoiles ouvert	Grand Nuage de Magellan – ESO 85-SC40	5,070778	-66,434444	9,7	0,056667	0,056667	La Dorade	NGC
NGC 1820	Amas d’étoiles ouvert	Grand Nuage de Magellan – ESO 85-SC39	5,067778	-67,271667	9	0,016667	0,016667	La Dorade	NGC
NGC 1825	Amas d’étoiles ouvert	Grand Nuage de Magellan – ESO 56-SC53	5,071944	-68,926667	12	0,008333	0,008333	La Dorade	NGC
NGC 1831	Amas d’étoiles ouvert	Grand Nuage de Magellan – ESO 85-SC44	5,1045	-64,918611	11,2	0,065	0,065	La Dorade	NGC
NGC 1832	Galaxie	MCG -3-14-10	5,200833	-15,688889	11,3	0,043333	0,028333	Le Lièvre	NGC
NGC 1835	Amas d’étoiles ouvert	Grand Nuage de Magellan – ESO 56-SC58	5,084917	-69,404167	10,6	0,02	0,02	La Dorade	NGC
NGC 1837	Amas d’étoiles ouvert	Grand Nuage de Magellan – ESO 56-SC59	5,082194	-70,714167	10,6	0,021667	0,021667	La Table	NGC
NGC 1839	Amas associé à une nébulosité	Grand Nuage de Magellan – ESO 56-SC63	5,100667	-68,626944	11,8	0,016667	0,016667	La Dorade	NGC
NGC 1845	Amas d’étoiles ouvert	Grand Nuage de Magellan – ESO 56-SC65	5,095833	-70,581667	10,2	0,333333	0,333333	La Table	NGC
NGC 1846	Amas d’étoiles ouvert	Grand Nuage de Magellan – ESO 56-SC67	5,126306	-67,458611	11,3	0,046667	0,046667	La Dorade	NGC
NGC 1847	Amas d’étoiles ouvert	Grand Nuage de Magellan – ESO 56-SC66	5,118944	-68,971389	11,1	0,016667	0,016667	La Dorade	NGC
NGC 1848	Amas d’étoiles ouvert	Grand Nuage de Magellan – ESO 56-SC68	5,124222	-71,195556	9,7	0,016667	0,016667	La Table	NGC
NGC 1850	Amas d’étoiles ouvert	Grand Nuage de Magellan – ESO 56-SC70	5,145778	-68,761667	9	0,056667	0,056667	La Dorade	NGC
NGC 1851	Amas d’étoiles globulaire	ESO 305-SC16	5,235083	-40,046667	7,1	0,2	0,2	La Colombe	NGC
NGC 1852	Amas d’étoiles ouvert	Grand Nuage de Magellan – ESO 56-SC71	5,156667	-67,7775	12	0,03	0,03	La Dorade	NGC
NGC 1854	Amas d’étoiles globulaire	Grand Nuage de Magellan – ESO 56-SC72	5,155556	-68,8475	10,4	0,016667	0,016667	La Dorade	NGC
NGC 1856	Amas d’étoiles ouvert	Grand Nuage de Magellan – ESO 56-SC73	5,158167	-69,127778	10,1	0,03	0,03	La Dorade	NGC
NGC 1857	Amas d’étoiles ouvert	OCL 428	5,334722	39,343333	7	0,166667	0,166667	Le Cocher	NGC
NGC 1858	Amas associé à une nébulosité	Grand Nuage de Magellan – ESO 56-SC74	5,165278	-68,898333	9,9	0,016667	0,016667	La Dorade	NGC
NGC 1860	Amas d’étoiles ouvert	Grand Nuage de Magellan – ESO 56-SC75	5,177667	-68,752222	11	0,013333	0,013333	La Dorade	NGC
NGC 1863	Amas d’étoiles ouvert	Grand Nuage de Magellan – ESO 56-SC77	5,194333	-68,726944	11	0,008333	0,008333	La Dorade	NGC
NGC 1866	Amas d’étoiles ouvert	Grand Nuage de Magellan – ESO 85-SC52	5,227528	-65,465556	9,7	0,075	0,075	La Dorade	NGC
NGC 1868	Amas d’étoiles ouvert	Grand Nuage de Magellan – ESO 85-SC56	5,243472	-63,955	11,6	0,065	0,065	La Dorade	NGC
NGC 1870	Amas d’étoiles ouvert	Grand Nuage de Magellan – ESO 56-SC81	5,219444	-69,116944	11,3	0,008333	0,008333	La Dorade	NGC
NGC 1871	Amas associé à une nébulosité	Grand Nuage de Magellan – ESO 56-SC85	5,231056	-67,452778	10,1	0,033333	0,033333	La Dorade	NGC
NGC 1872	Amas d’étoiles ouvert	Grand Nuage de Magellan – ESO 56-SC83	5,219667	-69,317222	11	0,016667	0,016667	La Dorade	NGC
NGC 1873	Amas associé à une nébulosité	Grand Nuage de Magellan – ESO 85-SC54	5,232139	-67,334444	10,4	0,058333	0,058333	La Dorade	NGC
NGC 1876	Amas associé à une nébulosité	Grand Nuage de Magellan	5,221806	-69,364444	11,7	0,016667	0,016667	La Dorade	NGC
NGC 1883	Amas d’étoiles ouvert	OCL 417	5,431694	46,490278	12	0,083333	0,083333	Le Cocher	NGC
NGC 1885	Amas d’étoiles ouvert	Grand Nuage de Magellan – ESO 56-SC88	5,251639	-68,977778	12	0,013333	0,013333	La Dorade	NGC
NGC 1888	Galaxie	Arp 123	5,376222	-11,500278	11,9	0,05	0,013333	Le Lièvre	NGC
NGC 1893	Amas associé à une nébulosité	Dans IC 410 – LBN 807	5,379333	33,414444	7,5	0,166667	0,166667	Le Cocher	NGC
NGC 1898	Amas d’étoiles ouvert	Grand Nuage de Magellan – ESO 56-SC90	5,278444	-69,656389	11,9	0,016667	0,016667	La Dorade	NGC
NGC 1902	Amas d’étoiles ouvert	Grand Nuage de Magellan – ESO 85-SC66	5,305333	-66,6275	11,8	0,026667	0,026667	La Dorade	NGC
NGC 1903	Amas d’étoiles ouvert	Grand Nuage de Magellan – ESO 56-SC93	5,289556	-69,335278	11,9	0,016667	0,016667	La Dorade	NGC
NGC 1910	Amas associé à une nébulosité	Grand Nuage de Magellan – ESO 56-SC99	5,309278	-69,230278	11,2	0,141667	0,141667	La Dorade	NGC
NGC 1913	Amas d’étoiles ouvert	Grand Nuage de Magellan – ESO 56-SC97	5,305389	-69,536667	11,1	0,01	0,01	La Dorade	NGC
NGC 1914	Amas associé à une nébulosité	Grand Nuage de Magellan – ESO 56-SC95	5,294389	-71,255833	12	0,036667	0,036667	La Table	NGC
NGC 1916	Amas d’étoiles ouvert	Grand Nuage de Magellan – ESO 56-SC98	5,310139	-69,406944	10,4	0,016667	0,016667	La Dorade	NGC
NGC 1922	Amas d’étoiles ouvert	Grand Nuage de Magellan – ESO 56-SC103	5,330556	-69,501667	11,5	0,008333	0,008333	La Dorade	NGC
NGC 1923	Amas associé à une nébulosité	Grand Nuage de Magellan – ESO 85-SC75	5,359472	-65,486667	11,2	0,015	0,015	La Dorade	NGC
NGC 1926	Amas d’étoiles ouvert	Grand Nuage de Magellan – ESO 56-SC105	5,342833	-69,524167	11,8	0,011667	0,011667	La Dorade	NGC
NGC 1928	Amas d’étoiles ouvert	Grand Nuage de Magellan – ESO 56-SC106	5,349056	-69,478056	11,9	0,008333	0,008333	La Dorade	NGC
NGC 1938	Amas d’étoiles ouvert	Grand Nuage de Magellan – ESO 56-SC108	5,356889	-69,939444	11,8	0,01	0,01	La Table	NGC
NGC 1940	Amas d’étoiles ouvert	Grand Nuage de Magellan – ESO 85-SC78	5,378833	-67,186667	11,9	0,016667	0,016667	La Dorade	NGC
NGC 1944	Amas d’étoiles ouvert	Grand Nuage de Magellan – ESO 33-SC17	5,365944	-72,494444	11,8	0,055	0,055	La Table	NGC
NGC 1947	Galaxie	ESO 85-87	5,446472	-63,760833	10,7	0,05	0,043333	La Dorade	NGC
NGC 1948	Amas associé à une nébulosité	Grand Nuage de Magellan – ESO 85-SC85	5,429528	-66,266944	11,6	0,016667	0,016667	La Dorade	NGC
NGC 1951	Amas d’étoiles ouvert	Grand Nuage de Magellan – ESO 85-SC86	5,43525	-66,597222	10,6	0,031667	0,031667	La Dorade	NGC
NGC 1953	Amas d’étoiles ouvert	Grand Nuage de Magellan – ESO 56-SC118	5,424417	-68,838333	11,7	0,016667	0,016667	La Dorade	NGC
NGC 1954	Galaxie	MCG -2-15-3	5,54675	-14,062222	11,8	0,07	0,033333	Le Lièvre	NGC
NGC 1955	Amas associé à une nébulosité	Grand Nuage de Magellan – ESO 56-SC121	5,436111	-67,4975	9	0,03	0,03	La Dorade	NGC
NGC 1961	Galaxie	Arp 184 – IC 2133	5,701083	69,378611	11	0,075	0,051667	La Girafe	NGC
NGC 1962	Amas d’étoiles ouvert	Grand Nuage de Magellan – ESO 56-SC122	5,438278	-68,837778	11,5	0,008333	0,008333	La Dorade	NGC
NGC 1964	Galaxie	ESO 554-10	5,556056	-21,945278	10,8	0,093333	0,03	Le Lièvre	NGC
NGC 1967	Amas d’étoiles ouvert	Grand Nuage de Magellan – ESO 56-SC126	5,445389	-69,101667	10,8	0,006667	0,006667	La Dorade	NGC
NGC 1968	Amas associé à une nébulosité	Grand Nuage de Magellan – ESO 56-SC130	5,456667	-67,463333	9	0,018333	0,018333	La Dorade	NGC
NGC 1971	Amas d’étoiles ouvert	Grand Nuage de Magellan – ESO 56-SC128	5,445917	-69,851667	11,9	0,013333	0,013333	La Dorade	NGC
NGC 1974	Amas associé à une nébulosité	ESO 85-SC89	5,466778	-67,423056	9	0,028333	0,028333	La Dorade	NGC
NGC 1978	Amas d’étoiles ouvert	Grand Nuage de Magellan – ESO 85-SC90	5,479222	-66,237222	10,7	0,065	0,065	La Dorade	NGC
NGC 1979	Galaxie	ESO 487-24	5,566972	-23,310278	11,9	0,03	0,03	Le Lièvre	NGC
NGC 1981	Amas d’étoiles ouvert	OCL 525	5,586667	-4,433333	4,2	0,466667	0,466667	Orion	NGC
NGC 1983	Amas associé à une nébulosité	Grand Nuage de Magellan – ESO 56-SC133	5,462306	-68,986111	9,9	0,016667	0,016667	La Dorade	NGC
NGC 1984	Amas associé à une nébulosité	Grand Nuage de Magellan – ESO 56-SC132	5,461389	-69,134444	10	0,016667	0,016667	La Dorade	NGC
NGC 1986	Amas d’étoiles ouvert	Grand Nuage de Magellan – ESO 56-SC134	5,460833	-69,972778	11,1	0,011667	0,011667	La Table	NGC
NGC 1994	Amas d’étoiles ouvert	Grand Nuage de Magellan – ESO 56-SC136	5,472722	-69,141944	9,8	0,01	0,01	La Dorade	NGC
NGC 2000	Amas d’étoiles ouvert	Grand Nuage de Magellan – ESO 56-SC135	5,458139	-71,879444	11,9	0,028333	0,028333	La Table	NGC
NGC 2002	Amas d’étoiles ouvert	Grand Nuage de Magellan – ESO 86-SC3	5,505667	-66,884167	10,1	0,033333	0,033333	La Dorade	NGC
NGC 2003	Amas d’étoiles ouvert	Grand Nuage de Magellan – ESO 86-SC6	5,515111	-66,466389	11,3	0,035	0,035	La Dorade	NGC
NGC 2004	Amas d’étoiles ouvert	Grand Nuage de Magellan – ESO 86-SC4	5,511194	-67,286111	9,6	0,045	0,045	La Dorade	NGC
NGC 2005	Amas d’étoiles globulaire	Grand Nuage de Magellan – ESO 56-SC138	5,503028	-69,7525	11,6	0,03	0,03	La Dorade	NGC
NGC 2006	Amas d’étoiles ouvert	Grand Nuage de Magellan – ESO 86-SC8	5,522111	-66,971944	11,5	0,016667	0,016667	La Dorade	NGC
NGC 2009	Amas d’étoiles ouvert	Grand Nuage de Magellan – ESO 56-SC140	5,516444	-69,181667	11	0,013333	0,013333	La Dorade	NGC
NGC 2010	Amas d’étoiles ouvert	Grand Nuage de Magellan – ESO 56-SC139	5,509722	-70,819722	11,7	0,036667	0,036667	La Table	NGC
NGC 2011	Amas d’étoiles ouvert	Grand Nuage de Magellan – ESO 56-SC144	5,538972	-67,523333	10,6	0,016667	0,016667	La Dorade	NGC
NGC 2014	Amas associé à une nébulosité	Grand Nuage de Magellan – ESO 56-SC146	5,538861	-67,69	9	0,03	0,03	La Dorade	NGC
NGC 2016	Amas d’étoiles ouvert	Grand Nuage de Magellan – ESO 56-SC142	5,526667	-69,941667	10,4	0,005	0,005	La Table	NGC
NGC 2018	Amas associé à une nébulosité	Grand Nuage de Magellan – ESO 56-SC141	5,522278	-71,066111	10,9	0,046667	0,046667	La Table	NGC
NGC 2019	Amas d’étoiles globulaire	Grand Nuage de Magellan – ESO 56-SC145	5,532417	-70,159722	10,9	0,016667	0,016667	La Table	NGC
NGC 2025	Amas d’étoiles ouvert	Grand Nuage de Magellan – ESO 56-SC149	5,542694	-71,715556	10,9	0,031667	0,031667	La Table	NGC
NGC 2027	Amas d’étoiles ouvert	Grand Nuage de Magellan – ESO 86-SC13	5,583278	-66,916389	11,9	0,011667	0,011667	La Dorade	NGC
NGC 2031	Amas d’étoiles ouvert	Grand Nuage de Magellan – ESO 56-SC153	5,561639	-70,986944	10,8	0,056667	0,056667	La Table	NGC
NGC 2033	Amas d’étoiles ouvert	Grand Nuage de Magellan – ESO 56-SC157	5,575167	-69,78	11,6	0,008333	0,008333	La Dorade	NGC
NGC 2037	Amas d’étoiles ouvert	Dans NGC 2033 – ESO 56-SC159	5,581667	-69,736667	10,3	0,008333	0,008333	La Dorade	NGC
NGC 2038	Amas d’étoiles ouvert	Grand Nuage de Magellan – ESO 56-SC158	5,578444	-70,563056	11,9	0,028333	0,028333	La Table	NGC
NGC 2041	Amas d’étoiles ouvert	Grand Nuage de Magellan – ESO 86-SC16	5,607806	-66,989722	10,4	0,011667	0,011667	La Dorade	NGC
NGC 2042	Amas d’étoiles ouvert	Grand Nuage de Magellan – ESO 56-SC163	5,602667	-68,923611	9,6	0,15	0,15	La Dorade	NGC
NGC 2044	Amas d’étoiles ouvert	Grand Nuage de Magellan – ESO 56-SC165	5,601667	-69,198611	10,6	0,033333	0,033333	La Dorade	NGC
NGC 2050	Amas d’étoiles ouvert	Grand Nuage de Magellan – ESO 56-SC170	5,610806	-69,383611	9,3	0,016667	0,016667	La Dorade	NGC
NGC 2051	Amas d’étoiles ouvert	Grand Nuage de Magellan – ESO 56-SC169	5,602056	-71,011389	11,7	0,028333	0,028333	La Table	NGC
NGC 2055	Amas d’étoiles ouvert	Grand Nuage de Magellan – ESO 56-SC171	5,6175	-69,431667	8,4	0,01	0,01	La Dorade	NGC
NGC 2058	Amas d’étoiles ouvert	Grand Nuage de Magellan – ESO 56-SC173	5,615083	-70,162222	11,9	0,03	0,03	La Table	NGC
NGC 2060	Rémanent de supernova	Grand Nuage de Magellan – ESO 57-EN1	5,631	-69,173056	9,6	0,016667	0,016667	La Dorade	NGC
NGC 2065	Amas d’étoiles ouvert	Grand Nuage de Magellan – ESO 57-SC2	5,627361	-70,236667	11,2	0,043333	0,043333	La Table	NGC
NGC 2075	Amas associé à une nébulosité	Grand Nuage de Magellan – ESO 57-EN5	5,639111	-70,685833	11,5	0,033333	0,033333	La Table	NGC
NGC 2089	Galaxie	ESO 554-36	5,797583	-17,602778	12	0,031667	0,02	Le Lièvre	NGC
NGC 2090	Galaxie	ESO 363-23	5,783778	-34,250833	11,2	0,081667	0,04	La Colombe	NGC
NGC 2093	Amas d’étoiles ouvert	Grand Nuage de Magellan – ESO 57-SC23	5,697167	-68,921389	11,6	0,028333	0,028333	La Dorade	NGC
NGC 2096	Amas d’étoiles ouvert	Grand Nuage de Magellan – ESO 57-SC27	5,704972	-68,458611	11,3	0,02	0,02	La Dorade	NGC
NGC 2098	Amas d’étoiles ouvert	Grand Nuage de Magellan – ESO 57-SC28	5,708444	-68,275556	10,7	0,026667	0,026667	La Dorade	NGC
NGC 2100	Amas d’étoiles ouvert	Grand Nuage de Magellan – ESO 57-SC25	5,702528	-69,211944	9,6	0,046667	0,046667	La Dorade	NGC
NGC 2102	Amas d’étoiles ouvert	Grand Nuage de Magellan – ESO 57-SC29	5,705722	-69,487222	11,4	0,016667	0,016667	La Dorade	NGC
NGC 2107	Amas d’étoiles ouvert	Grand Nuage de Magellan – ESO 57-SC32	5,720278	-70,64	11,5	0,035	0,035	La Table	NGC
NGC 2112	Amas d’étoiles ouvert	OCL 509	5,895889	0,410833	9,1	0,3	0,3	Orion	NGC
NGC 2118	Amas d’étoiles ouvert	Grand Nuage de Magellan – ESO 57-SC39	5,794333	-69,131944	12	0,021667	0,021667	La Dorade	NGC
NGC 2122	Amas associé à une nébulosité	Grand Nuage de Magellan – ESO 57-EN41	5,814611	-70,07	10,4	0,075	0,075	La Table	NGC
NGC 2126	Amas d’étoiles ouvert	OCL 418	6,042472	49,865833	10,2	0,1	0,1	Le Cocher	NGC
NGC 2127	Amas d’étoiles ouvert	Grand Nuage de Magellan – ESO 57-SC45	5,856222	-69,361389	11,6	0,02	0,02	La Dorade	NGC
NGC 2129	Amas d’étoiles ouvert	OCL 467	6,018472	23,317778	6,7	0,1	0,1	Les Gémeaux	NGC
NGC 2130	Amas d’étoiles ouvert	Grand Nuage de Magellan – ESO 86-SC37	5,873278	-67,334167	12	0,02	0,02	La Dorade	NGC
NGC 2134	Amas d’étoiles ouvert	Grand Nuage de Magellan – ESO 57-SC47	5,86575	-71,097222	11,1	0,041667	0,041667	La Table	NGC
NGC 2136	Amas d’étoiles ouvert	Grand Nuage de Magellan – ESO 57-SC48	5,882917	-69,4925	10,5	0,031667	0,031667	La Dorade	NGC
NGC 2139	Galaxie	IC 2154 – ESO 488-54	6,018889	-23,672778	11,6	0,04	0,031667	Le Lièvre	NGC
NGC 2141	Amas d’étoiles ouvert	OCL 487	6,048611	10,446389	9,4	0,166667	0,166667	Orion	NGC
NGC 2146	Galaxie	UGC 3429	6,310639	78,355833	10,6	0,09	0,048333	La Girafe	NGC
NGC 2154	Amas d’étoiles ouvert	Grand Nuage de Magellan – ESO 86-SC42	5,960639	-67,262222	11,8	0,04	0,04	La Dorade	NGC
NGC 2156	Amas d’étoiles ouvert	Grand Nuage de Magellan – ESO 57-SC59	5,964	-68,460833	11,4	0,018333	0,018333	La Dorade	NGC
NGC 2157	Amas d’étoiles ouvert	Grand Nuage de Magellan – ESO 57-SC58	5,959694	-69,197222	10,2	0,045	0,045	La Dorade	NGC
NGC 2159	Amas d’étoiles ouvert	Grand Nuage de Magellan – ESO 57-SC60	5,9675	-68,624444	11,4	0,015	0,015	La Dorade	NGC
NGC 2164	Amas d’étoiles ouvert	Grand Nuage de Magellan – ESO 57-SC62	5,981944	-68,515556	10,3	0,041667	0,041667	La Dorade	NGC
NGC 2169	Amas d’étoiles ouvert	OCL 481	6,140083	13,964722	5,9	0,1	0,1	Orion	NGC
NGC 2172	Amas d’étoiles ouvert	Grand Nuage de Magellan – ESO 57-SC65	6,001639	-68,636944	11,8	0,028333	0,028333	La Dorade	NGC
NGC 2173	Amas d’étoiles ouvert	Grand Nuage de Magellan – ESO 33-SC34	5,96625	-72,978056	11,9	0,04	0,04	La Table	NGC
NGC 2186	Amas d’étoiles ouvert	OCL 498	6,201972	5,458611	8,7	0,083333	0,083333	Orion	NGC
NGC 2187-A	Galaxie	ESO 57-68A	6,062278	-69,588056	12	0,028333	0,015	La Dorade	NGC
NGC 2188	Galaxie	ESO 364-37	6,169361	-34,105	11,7	0,07	0,018333	La Colombe	NGC
NGC 2191	Galaxie	ESO 160-14	6,139917	-52,512222	11,4	0,028333	0,015	La Carène	NGC
NGC 2192	Amas d’étoiles ouvert	OCL 437	6,254833	39,855278	10,9	0,083333	0,083333	Le Cocher	NGC
NGC 2196	Galaxie	ESO 556-4	6,202667	-21,806111	11	0,046667	0,036667	Le Lièvre	NGC
NGC 2203	Amas d’étoiles ouvert	Grand Nuage de Magellan – ESO 34-SC4	6,078528	-75,438333	12	0,055	0,055	La Table	NGC
NGC 2204	Amas d’étoiles ouvert	ESO 556-SC7	6,259167	-18,665	8,6	0,166667	0,166667	Le Grand Chien	NGC
NGC 2207	Galaxie	ESO 556-8	6,272722	-21,372778	10,9	0,065	0,036667	Le Grand Chien	NGC
NGC 2210	Amas d’étoiles ouvert	Grand Nuage de Magellan – ESO 57-SC71	6,192194	-69,120833	10,2	0,035	0,035	La Dorade	NGC
NGC 2214	Amas d’étoiles ouvert	Grand Nuage de Magellan – ESO 57-SC74	6,215972	-68,259167	10,9	0,06	0,06	La Dorade	NGC
NGC 2215	Amas d’étoiles ouvert	OCL 550	6,347	-7,283889	8,4	0,133333	0,133333	La Licorne	NGC
NGC 2217	Galaxie	ESO 489-42	6,361056	-27,234167	10,7	0,078333	0,071667	Le Grand Chien	NGC
NGC 2223	Galaxie	ESO 489-49	6,409944	-22,838611	11,5	0,05	0,043333	Le Grand Chien	NGC
NGC 2232	Amas d’étoiles ouvert	OCL 545	6,454167	-4,758333	4,2	0,75	0,75	La Licorne	NGC
NGC 2236	Amas d’étoiles ouvert	OCL 501	6,494333	6,830833	8,5	0,133333	0,133333	La Licorne	NGC
NGC 2243	Amas d’étoiles ouvert	ESO 426-SC16	6,492889	-31,281389	9,4	0,138333	0,138333	Le Grand Chien	NGC
NGC 2250	Amas d’étoiles ouvert	OCL 547	6,563833	-5,084444	8,9	0,166667	0,166667	La Licorne	NGC
NGC 2251	Amas d’étoiles ouvert	OCL 499	6,577333	8,366389	7,3	0,166667	0,166667	La Licorne	NGC
NGC 2254	Amas d’étoiles ouvert	OCL 500	6,596278	7,670833	9,1	0,1	0,1	La Licorne	NGC
NGC 2258	Galaxie	UGC 3523	6,79625	74,481389	11,9	0,038333	0,025	La Girafe	NGC
NGC 2259	Amas d’étoiles ouvert	OCL 492	6,642583	10,8825	10,8	0,058333	0,058333	La Licorne	NGC
NGC 2262	Amas d’étoiles ouvert	OCL 531	6,66075	1,141667	11,3	0,066667	0,066667	La Licorne	NGC
NGC 2263	Galaxie	ESO 490-19	6,641333	-24,848611	11,9	0,043333	0,033333	Le Grand Chien	NGC
NGC 2264	Amas associé à une nébulosité	Amas de l’Arbre de Noël – LBN 911	6,682833	9,895556	4,1	0,666667	0,666667	La Licorne	NGC
NGC 2266	Amas d’étoiles ouvert	OCL 471	6,722	26,969444	9,5	0,083333	0,083333	Les Gémeaux	NGC
NGC 2268	Galaxie	UGC 3653	7,238194	84,382222	11,5	0,045	0,025	La Girafe	NGC
NGC 2269	Amas d’étoiles ouvert	OCL 524	6,721389	4,624444	10	0,05	0,05	La Licorne	NGC
NGC 2272	Galaxie	ESO 490-33	6,711444	-27,459722	11,5	0,04	0,026667	Le Grand Chien	NGC
NGC 2273	Galaxie	UGC 3546	6,835667	60,845833	11,7	0,06	0,033333	Le Lynx	NGC
NGC 2276	Galaxie	Arp 25 – UGC 3740	7,453778	85,755	11,4	0,038333	0,031667	Céphée	NGC
NGC 2280	Galaxie	ESO 427-2	6,746917	-27,638889	10,3	0,105	0,05	Le Grand Chien	NGC
NGC 2281	Amas d’étoiles ouvert	OCL 446	6,804944	41,078889	5,4	0,416667	0,416667	Le Cocher	NGC
NGC 2283	Galaxie	ESO 557-13	6,764611	-18,210278	11,5	0,06	0,045	Le Grand Chien	NGC
NGC 2286	Amas d’étoiles ouvert	OCL 548	6,794472	-3,147778	7,5	0,25	0,25	La Licorne	NGC
NGC 2292	Galaxie	ESO 490-48	6,794278	-26,746389	11	0,066667	0,058333	Le Grand Chien	NGC
NGC 2293	Galaxie	ESO 490-49	6,795222	-26,754722	11,2	0,066667	0,053333	Le Grand Chien	NGC
NGC 2298	Amas d’étoiles globulaire	ESO 366-SC22	6,816444	-36,004722	9,3	0,083333	0,083333	La Poupe	NGC
NGC 2299	Amas d’étoiles ouvert	OCL 554	6,865722	-7,084444	8,9	0,041667	0,041667	La Licorne	NGC
NGC 2300	Galaxie	Arp 114 – UGC 3798	7,538972	85,709167	11	0,046667	0,033333	Céphée	NGC
NGC 2301	Amas d’étoiles ouvert	OCL 540	6,862556	0,459167	6	0,25	0,25	La Licorne	NGC
NGC 2304	Amas d’étoiles ouvert	OCL 484	6,919944	17,988611	10	0,05	0,05	Les Gémeaux	NGC
NGC 2305	Galaxie	ESO 87-44	6,810361	-64,272778	11,7	0,035	0,025	Le Poisson volant	NGC
NGC 2307	Galaxie	ESO 87-45	6,814167	-64,335	12	0,028333	0,026667	Le Poisson volant	NGC
NGC 2309	Amas d’étoiles ouvert	OCL 557	6,934333	-7,174444	10,5	0,083333	0,083333	La Licorne	NGC
NGC 2310	Galaxie	ESO 309-7	6,898278	-40,863611	11,8	0,071667	0,013333	La Poupe	NGC
NGC 2311	Amas d’étoiles ouvert	OCL 553	6,963194	-4,611389	9,6	0,116667	0,116667	La Licorne	NGC
NGC 2320	Galaxie	UGC 3659	7,094972	50,580833	11,9	0,023333	0,013333	Le Lynx	NGC
NGC 2324	Amas d’étoiles ouvert	OCL 542	7,068861	1,044722	8,4	0,133333	0,133333	La Licorne	NGC
NGC 2325	Galaxie	ESO 427-28	7,0445	-28,697778	11,3	0,05	0,025	Le Grand Chien	NGC
NGC 2331	Amas d’étoiles ouvert	OCL 475	7,116611	27,261667	8,5	0,316667	0,316667	Les Gémeaux	NGC
NGC 2335	Amas d’étoiles ouvert	OCL 562	7,113722	-10,028611	7,2	0,116667	0,116667	La Licorne	NGC
NGC 2336	Galaxie	UGC 3809	7,451	80,177778	10,4	0,118333	0,065	La Girafe	NGC
NGC 2339	Galaxie	UGC 3693	7,138972	18,779444	11,8	0,045	0,033333	Les Gémeaux	NGC
NGC 2340	Galaxie	UGC 3720	7,186306	50,174722	11,7	0,03	0,02	Le Lynx	NGC
NGC 2343	Amas d’étoiles ouvert	OCL 565	7,135194	-10,616667	6,7	0,1	0,1	La Licorne	NGC
NGC 2344	Galaxie	UGC 3734	7,207944	47,167222	12	0,025	0,02	Le Lynx	NGC
NGC 2345	Amas d’étoiles ouvert	OCL 575	7,138528	-13,193611	7,7	0,2	0,2	Le Grand Chien	NGC
NGC 2346	Nébuleuse planétaire	PK 215+3.1	7,15625	0,806111	11,6	0,0145	0,0145	La Licorne	NGC
NGC 2353	Amas d’étoiles ouvert	OCL 567	7,24175	-10,265833	7,1	0,3	0,3	La Licorne	NGC
NGC 2354	Amas d’étoiles ouvert	ESO 492-SC6	7,236111	-25,69	6,5	0,3	0,3	Le Grand Chien	NGC
NGC 2355	Amas d’étoiles ouvert	OCL 496	7,283111	13,75	9,7	0,133333	0,133333	Les Gémeaux	NGC
NGC 2360	Amas d’étoiles ouvert	OCL 589	7,295306	-15,641389	7,2	0,233333	0,233333	Le Grand Chien	NGC
NGC 2362	Amas d’étoiles ouvert	ESO 492-SC9	7,3115	-24,954167	3,8	0,1	0,1	Le Grand Chien	NGC
NGC 2366	Galaxie	UGC 3851 – DDO 42	7,481889	69,216111	11,1	0,135	0,05	La Girafe	NGC
NGC 2367	Amas d’étoiles ouvert	ESO 559-SC5	7,335	-21,881667	7,9	0,083333	0,083333	Le Grand Chien	NGC
NGC 2368	Amas d’étoiles ouvert	OCL 571	7,350611	-10,374444	11,8	0,05	0,05	La Licorne	NGC
NGC 2371	Nébuleuse planétaire	PK 189+19.1	7,426083	29,488333	11,2	0,017167	0,017167	Les Gémeaux	NGC
NGC 2374	Amas d’étoiles ouvert	OCL 585	7,398889	-13,263333	8	0,2	0,2	Le Grand Chien	NGC
NGC 2380	Galaxie	ESO 492-12	7,398472	-27,528611	11,2	0,035	0,033333	Le Grand Chien	NGC
NGC 2383	Amas d’étoiles ouvert	ESO 559-SC8	7,411083	-20,9475	8,4	0,083333	0,083333	Le Grand Chien	NGC
NGC 2384	Amas d’étoiles ouvert	ESO 559-SC9	7,419444	-21,021667	7,4	0,083333	0,083333	Le Grand Chien	NGC
NGC 2395	Amas d’étoiles ouvert	OCL 502	7,453556	13,608333	8	0,25	0,25	Les Gémeaux	NGC
NGC 2396	Amas d’étoiles ouvert	OCL 579	7,466667	-11,716667	7,4	0,166667	0,166667	La Poupe	NGC
NGC 2397	Galaxie	ESO 58-30	7,355417	-69,001389	11,8	0,041667	0,02	Le Poisson volant	NGC
NGC 2409	Amas d’étoiles ouvert		7,526861	-17,189722	7,3	0,041667	0,041667	La Poupe	NGC
NGC 2414	Amas d’étoiles ouvert	OCL 598	7,553556	-15,453889	7,9	0,1	0,1	La Poupe	NGC
NGC 2417	Galaxie	ESO 123-15	7,503361	-62,2525	12	0,046667	0,031667	La Carène	NGC
NGC 2419	Amas d’étoiles globulaire	Vagabond intergalactique – GCL 12	7,635694	38,8825	10,3	0,076667	0,076667	Le Lynx	NGC
NGC 2420	Amas d’étoiles ouvert	OCL 488	7,639944	21,574167	8,3	0,1	0,1	Les Gémeaux	NGC
NGC 2421	Amas d’étoiles ouvert	ESO 560-SC2	7,603333	-20,611667	8,3	0,133333	0,133333	La Poupe	NGC
NGC 2423	Amas d’étoiles ouvert	OCL 592	7,618528	-13,871389	6,7	0,2	0,2	La Poupe	NGC
NGC 2427	Galaxie	ESO 208-27	7,60775	-47,635833	11,5	0,081667	0,033333	La Poupe	NGC
NGC 2432	Amas d’étoiles ouvert	ESO 560-SC6	7,681389	-19,076667	10,2	0,116667	0,116667	La Poupe	NGC
NGC 2434	Galaxie	ESO 59-5	7,580972	-69,284444	11,2	0,04	0,036667	Le Poisson volant	NGC
NGC 2439	Amas d’étoiles ouvert	ESO 429-SC11	7,679278	-31,6925	6,9	0,15	0,15	La Poupe	NGC
NGC 2442	Galaxie	ESO 59-8	7,606611	-69,530833	10,4	0,1	0,083333	Le Poisson volant	NGC
NGC 2451	Amas d’étoiles ouvert	ESO 311-SC8	7,756667	-37,95	2,8	0,833333	0,833333	La Poupe	NGC
NGC 2452	Nébuleuse planétaire	ESO 493-PN11 – PK 243-1.1	7,790611	-27,335	12	0,008	0,008	La Poupe	NGC
NGC 2453	Amas d’étoiles ouvert	ESO 493-SC12	7,792806	-27,194722	8,3	0,066667	0,066667	La Poupe	NGC
NGC 2455	Amas d’étoiles ouvert	ESO 560-SC15	7,816667	-21,301667	10,2	0,25	0,25	La Poupe	NGC
NGC 2460	Galaxie	UGC 4097	7,948	60,349444	11,8	0,041667	0,031667	La Girafe	NGC
NGC 2467	Amas associé à une nébulosité	ESO 493-SC25 – LBN 1065	7,873889	-26,436667	7,1	0,016667	0,016667	La Poupe	NGC
NGC 2477	Amas d’étoiles ouvert	ESO 311-SC17	7,869444	-38,53	5,8	0,333333	0,333333	La Poupe	NGC
NGC 2479	Amas d’étoiles ouvert	ESO 561-SC1	7,918333	-17,707778	9,6	0,183333	0,183333	La Poupe	NGC
NGC 2482	Amas d’étoiles ouvert	ESO 494-SC3	7,92	-24,258333	7,3	0,166667	0,166667	La Poupe	NGC
NGC 2483	Amas d’étoiles ouvert	ESO 430-SC2	7,9275	-27,895	7,6	0,15	0,15	La Poupe	NGC
NGC 2489	Amas d’étoiles ouvert	ESO 430-SC3	7,93775	-30,064167	7,9	0,083333	0,083333	La Poupe	NGC
NGC 2493	Galaxie	UGC 4150	8,006611	39,830833	12	0,031667	0,031667	Le Lynx	NGC
NGC 2500	Galaxie	UGC 4165	8,031389	50,736667	11,6	0,048333	0,045	Le Lynx	NGC
NGC 2502	Galaxie	ESO 209-8	7,930972	-52,306944	12	0,035	0,021667	La Carène	NGC
NGC 2506	Amas d’étoiles ouvert	OCL 593	8,000472	-10,769722	7,6	0,2	0,2	La Licorne	NGC
NGC 2509	Amas d’étoiles ouvert	ESO 561-SC7	8,013278	-19,050556	9,3	0,2	0,2	La Poupe	NGC
NGC 2513	Galaxie	UGC 4184	8,040194	9,413889	11,6	0,041667	0,033333	Le Cancer	NGC
NGC 2516	Amas d’étoiles ouvert	ESO 124-SC6	7,967778	-60,753333	3,8	0,366667	0,366667	La Carène	NGC
NGC 2517	Galaxie	MCG -2-21-3	8,046389	-12,317222	11,8	0,023333	0,016667	La Poupe	NGC
NGC 2520	Amas d’étoiles ouvert	ESO 430-SC15	8,082806	-28,146111	6,5	0,166667	0,166667	La Poupe	NGC
NGC 2523	Galaxie	Arp 9 – UGC 4271	8,25	73,578889	11,9	0,048333	0,03	La Girafe	NGC
NGC 2525	Galaxie	MCG -2-21-4	8,093889	-11,4275	11,6	0,05	0,033333	La Poupe	NGC
NGC 2533	Amas d’étoiles ouvert	ESO 430-SC19	8,117778	-29,866667	7,6	0,1	0,1	La Poupe	NGC
NGC 2537	Galaxie	Galaxie de la Patte d’Ours – Arp 6 – UGC 4274	8,220667	45,991389	11,7	0,028333	0,025	Le Lynx	NGC
NGC 2541	Galaxie	UGC 4284	8,244444	49,061944	11,8	0,105	0,053333	Le Lynx	NGC
NGC 2543	Galaxie	IC 2232 – UGC 4273	8,216056	36,253611	11,9	0,038333	0,02	Le Lynx	NGC
NGC 2546	Amas d’étoiles ouvert	ESO 369-SC7	8,206667	-37,616667	6,3	1,166667	1,166667	La Poupe	NGC
NGC 2547	Amas d’étoiles ouvert	ESO 209-SC18	8,169167	-49,225	4,7	0,416667	0,416667	Les Voiles	NGC
NGC 2549	Galaxie	UGC 4313	8,316194	57,803056	11,2	0,063333	0,02	Le Lynx	NGC
NGC 2554	Galaxie	UGC 4312	8,298167	23,472222	12	0,053333	0,04	Le Cancer	NGC
NGC 2559	Galaxie	ESO 494-41	8,285028	-27,456944	10,9	0,05	0,023333	La Poupe	NGC
NGC 2566	Galaxie	ESO 495-3	8,312639	-25,500556	11	0,048333	0,028333	La Poupe	NGC
NGC 2567	Amas d’étoiles ouvert	ESO 431-SC3	8,308889	-30,64	7,4	0,183333	0,183333	La Poupe	NGC
NGC 2568	Amas d’étoiles ouvert	ESO 370-SC5	8,305028	-37,105278	10,7	0,05	0,05	La Poupe	NGC
NGC 2571	Amas d’étoiles ouvert	ESO 431-SC5	8,315639	-29,749167	7	0,116667	0,116667	La Poupe	NGC
NGC 2579	Amas d’étoiles ouvert	OCL 724	8,347972	-36,216111	7,5	0,316667	0,316667	La Poupe	NGC
NGC 2580	Amas d’étoiles ouvert	ESO 431-SC6	8,357778	-30,291667	9,7	0,133333	0,133333	La Poupe	NGC
NGC 2587	Amas d’étoiles ouvert	ESO 431-SC7	8,39	-29,508611	9,2	0,166667	0,166667	La Poupe	NGC
NGC 2588	Amas d’étoiles ouvert	ESO 370-SC10	8,385972	-32,975	11,8	0,033333	0,033333	La Poupe	NGC
NGC 2613	Galaxie	ESO 495-18	8,556333	-22,972778	10,3	0,108333	0,023333	La Boussole	NGC
NGC 2627	Amas d’étoiles ouvert	ESO 431-SC20	8,620833	-29,955	8,4	0,15	0,15	La Boussole	NGC
NGC 2634	Galaxie	UGC 4581	8,807083	73,967222	12	0,028333	0,026667	La Girafe	NGC
NGC 2635	Amas d’étoiles ouvert	ESO 371-SC1	8,640528	-34,771667	11,2	0,05	0,05	La Boussole	NGC
NGC 2639	Galaxie	UGC 4544	8,727167	50,206111	11,7	0,03	0,018333	La Grande Ourse	NGC
NGC 2640	Galaxie	ESO 165-2	8,623528	-55,123611	11,1	0,036667	0,031667	La Carène	NGC
NGC 2645	Amas d’étoiles ouvert	ESO 259-SC14	8,650861	-46,227222	7	0,05	0,05	Les Voiles	NGC
NGC 2648	Galaxie	Arp 89 – UGC 4541	8,711056	14,285	11,8	0,053333	0,018333	Le Cancer	NGC
NGC 2652	Galaxie	MCG 0-25-8	9,709222	-3,699167	10,9	0,056667	0,035	Le Sextant	NGC
NGC 2654	Galaxie	UGC 4605	8,82	60,220833	11,8	0,07	0,013333	La Grande Ourse	NGC
NGC 2658	Amas d’étoiles ouvert	ESO 432-SC4	8,72425	-32,656111	9,2	0,166667	0,166667	La Boussole	NGC
NGC 2659	Amas d’étoiles ouvert	ESO 260-SC3	8,71	-45	8,6	0,25	0,25	Les Voiles	NGC
NGC 2660	Amas d’étoiles ouvert	ESO 260-SC4	8,710556	-47,200556	8,8	0,05	0,05	Les Voiles	NGC
NGC 2663	Galaxie	ESO 371-14	8,752306	-33,795	10,6	0,058333	0,04	La Boussole	NGC
NGC 2669	Amas d’étoiles ouvert	ESO 165-SC5	8,771944	-52,935	6,1	0,233333	0,233333	Les Voiles	NGC
NGC 2670	Amas d’étoiles ouvert	ESO 210-SC5	8,758333	-48,791667	7,8	0,116667	0,116667	Les Voiles	NGC
NGC 2671	Amas d’étoiles ouvert	ESO 313-SC14	8,77	-41,877222	11,6	0,083333	0,083333	Les Voiles	NGC
NGC 2672	Galaxie	Arp 167 – UGC 4619	8,822722	19,074444	11,7	0,05	0,046667	Le Cancer	NGC
NGC 2681	Galaxie	UGC 4645	8,892361	51,313056	10,3	0,06	0,055	La Grande Ourse	NGC
NGC 2685	Galaxie	Galaxie de l’Hélice – Arp 336 – UGC 4666	8,926361	58,734722	11,3	0,076667	0,041667	La Grande Ourse	NGC
NGC 2693	Galaxie	UGC 4674	8,949833	51,347778	11,9	0,043333	0,03	La Grande Ourse	NGC
NGC 2695	Galaxie	MCG 0-23-10	8,9075	-3,066944	11,9	0,028333	0,02	L’Hydre	NGC
NGC 2708	Galaxie	MCG 0-23-15	8,935528	-3,360556	12	0,045	0,023333	L’Hydre	NGC
NGC 2713	Galaxie	UGC 4691	8,955722	2,921389	11,8	0,06	0,025	L’Hydre	NGC
NGC 2715	Galaxie	UGC 4759	9,134972	78,085833	11,2	0,08	0,026667	La Girafe	NGC
NGC 2716	Galaxie	UGC 4692	8,959944	3,090278	11,8	0,021667	0,016667	L’Hydre	NGC
NGC 2718	Galaxie	UGC 4707	8,980639	6,293889	11,8	0,035	0,035	L’Hydre	NGC
NGC 2732	Galaxie	UGC 4818	9,223611	79,187778	11,9	0,035	0,015	La Girafe	NGC
NGC 2742	Galaxie	UGC 4779	9,125889	60,479444	11,4	0,05	0,025	La Grande Ourse	NGC
NGC 2748	Galaxie	UGC 4825	9,228611	76,475833	11,7	0,051667	0,018333	La Girafe	NGC
NGC 2749	Galaxie	UGC 4763	9,08925	18,313611	11,8	0,028333	0,023333	Le Cancer	NGC
NGC 2750	Galaxie	UGC 4769	9,096667	25,4375	11,9	0,036667	0,031667	Le Cancer	NGC
NGC 2763	Galaxie	MCG -2-23-10	9,113611	-15,499167	12	0,038333	0,033333	L’Hydre	NGC
NGC 2768	Galaxie	UGC 4821	9,193722	60,036389	9,9	0,106667	0,05	La Grande Ourse	NGC
NGC 2775	Galaxie	UGC 4820	9,17225	7,037222	10,1	0,071667	0,055	Le Cancer	NGC
NGC 2776	Galaxie	UGC 4838	9,204028	44,954722	11,6	0,046667	0,041667	Le Lynx	NGC
NGC 2781	Galaxie	MCG -2-24-2	9,190972	-14,817222	11,6	0,05	0,025	L’Hydre	NGC
NGC 2782	Galaxie	Arp 215 – UGC 4862	9,234722	40,113611	11,6	0,061667	0,04	Le Lynx	NGC
NGC 2784	Galaxie	ESO 497-23	9,205389	-24,1725	10,2	0,091667	0,036667	L’Hydre	NGC
NGC 2787	Galaxie	UGC 4914	9,321778	69,203611	10,7	0,051667	0,03	La Grande Ourse	NGC
NGC 2792	Nébuleuse planétaire	ESO 314-PN6 – PK 265+4.1	9,207361	-42,4275	11,6	0,005833	0,005833	Les Voiles	NGC
NGC 2805	Galaxie	UGC 4936	9,339	64,102778	11	0,105	0,08	La Grande Ourse	NGC
NGC 2808	Amas d’étoiles globulaire	ESO 91-SC1	9,200722	-64,8625	6,2	0,233333	0,233333	La Carène	NGC
NGC 2811	Galaxie	MCG -3-24-3	9,269778	-16,3125	11,3	0,041667	0,015	L’Hydre	NGC
NGC 2815	Galaxie	ESO 497-32	9,272083	-23,633889	11,9	0,058333	0,018333	L’Hydre	NGC
NGC 2818	Amas associé à une nébulosité	ESO 372-PN13 – PK 261+8.1	9,269444	-36,626111	11,2	0,023333	0,023333	La Boussole	NGC
NGC 2822	Galaxie	ESO 61-4	9,2305	-69,644167	10,9	0,055	0,036667	La Carène	NGC
NGC 2832	Galaxie	Arp 315 – UGC 4942	9,329667	33,749722	11,9	0,05	0,033333	Le Lynx	NGC
NGC 2835	Galaxie	ESO 564-35	9,297944	-22,355278	10,5	0,11	0,073333	L’Hydre	NGC
NGC 2836	Galaxie	ESO 61-3	9,22925	-69,333056	11,8	0,045	0,033333	La Carène	NGC
NGC 2845	Galaxie	ESO 314-10	9,31025	-38,009722	11,7	0,038333	0,02	Les Voiles	NGC
NGC 2848	Galaxie	MCG -3-24-7	9,336056	-16,525556	11,8	0,041667	0,025	L’Hydre	NGC
NGC 2855	Galaxie	MCG -2-24-15	9,357639	-11,910278	11,7	0,041667	0,036667	L’Hydre	NGC
NGC 2859	Galaxie	UGC 5001	9,405167	34,513333	10,9	0,076667	0,068333	Le Petit Lion	NGC
NGC 2865	Galaxie	ESO 498-1	9,391722	-23,161389	11,7	0,041667	0,03	L’Hydre	NGC
NGC 2867	Nébuleuse planétaire	ESO 126-PN8 – PK 278-5.1	9,357056	-58,311111	9,7	0,006667	0,006667	La Carène	NGC
NGC 2872	Galaxie	Arp 307 – UGC 5018	9,428583	11,432778	11,9	0,035	0,03	Le Lion	NGC
NGC 2880	Galaxie	UGC 5051	9,492944	62,491111	11,5	0,033333	0,02	La Grande Ourse	NGC
NGC 2887	Galaxie	ESO 91-9	9,390083	-63,812222	11,7	0,035	0,026667	La Carène	NGC
NGC 2889	Galaxie	MCG -2-24-26	9,453472	-11,643333	11,7	0,038333	0,031667	L’Hydre	NGC
NGC 2899	Nébuleuse planétaire	ESO 166-PN13 – PK 277-3.1	9,450833	-56,105556	11,8	0,0325	0,016667	Les Voiles	NGC
NGC 2907	Galaxie	MCG -3-25-2	9,526833	-16,733611	11,6	0,033333	0,02	L’Hydre	NGC
NGC 2910	Amas d’étoiles ouvert	ESO 166-SC17	9,508056	-52,913889	7,2	0,1	0,1	Les Voiles	NGC
NGC 2911	Galaxie	Arp 232 – UGC 5092	9,562917	10,152778	11,5	0,066667	0,051667	Le Lion	NGC
NGC 2921	Galaxie	ESO 565-17	9,575306	-20,919722	12	0,048333	0,018333	L’Hydre	NGC
NGC 2924	Galaxie	MCG -3-25-8	9,586361	-16,398056	12	0,021667	0,02	L’Hydre	NGC
NGC 2925	Amas d’étoiles ouvert	ESO 166-SC22	9,553028	-53,395833	8,3	0,25	0,25	Les Voiles	NGC
NGC 2935	Galaxie	ESO 565-23	9,612389	-21,127778	11,3	0,061667	0,046667	L’Hydre	NGC
NGC 2950	Galaxie	UGC 5176	9,709667	58,851389	10,9	0,045	0,03	La Grande Ourse	NGC
NGC 2962	Galaxie	UGC 5167	9,681667	5,165833	11,9	0,043333	0,033333	L’Hydre	NGC
NGC 2964	Galaxie	UGC 5183	9,715028	31,846944	11,3	0,05	0,028333	Le Lion	NGC
NGC 2967	Galaxie	UGC 5180	9,700917	0,336111	11,6	0,05	0,046667	Le Sextant	NGC
NGC 2968	Galaxie	UGC 5190	9,719972	31,928611	11,9	0,035	0,026667	Le Lion	NGC
NGC 2972	Amas d’étoiles ouvert	ESO 212-SC11	9,669861	-50,320278	9,9	0,083333	0,083333	Les Voiles	NGC
NGC 2976	Galaxie	UGC 5221	9,787417	67,9175	10,2	0,098333	0,045	La Grande Ourse	NGC
NGC 2983	Galaxie	ESO 566-3	9,728083	-20,4775	11,8	0,041667	0,023333	L’Hydre	NGC
NGC 2985	Galaxie	UGC 5253	9,839278	72,278611	10,4	0,076667	0,056667	La Grande Ourse	NGC
NGC 2986	Galaxie	ESO 566-5	9,73775	-21,278056	10,8	0,053333	0,043333	L’Hydre	NGC
NGC 2997	Galaxie	ESO 434-35	9,760722	-31,190556	9,5	0,148333	0,113333	La Machine pneumatique	NGC
NGC 3001	Galaxie	ESO 434-38	9,771806	-30,436944	11,9	0,048333	0,033333	La Machine pneumatique	NGC
NGC 3003	Galaxie	UGC 5251	9,809972	33,421944	11,9	0,095	0,023333	Le Petit Lion	NGC
NGC 3020	Galaxie	UGC 5271	9,835139	12,813611	11,9	0,05	0,026667	Le Lion	NGC
NGC 3027	Galaxie	UGC 5316	9,927861	72,204167	11,8	0,065	0,023333	La Grande Ourse	NGC
NGC 3033	Amas d’étoiles ouvert	ESO 167-SC6	9,811111	-56,411667	8,8	0,2	0,2	Les Voiles	NGC
NGC 3038	Galaxie	ESO 374-2	9,85425	-32,753611	11,6	0,041667	0,023333	La Machine pneumatique	NGC
NGC 3041	Galaxie	UGC 5303	9,885306	16,6775	11,5	0,061667	0,04	Le Lion	NGC
NGC 3044	Galaxie	UGC 5311	9,894667	1,579444	11,9	0,078333	0,011667	Le Sextant	NGC
NGC 3051	Galaxie	ESO 499-16	9,899556	-27,286111	11,8	0,035	0,031667	La Machine pneumatique	NGC
NGC 3054	Galaxie	ESO 499-18	9,907972	-25,703611	11,8	0,063333	0,04	L’Hydre	NGC
NGC 3056	Galaxie	ESO 435-7	9,909083	-28,298333	11,7	0,03	0,018333	La Machine pneumatique	NGC
NGC 3059	Galaxie	ESO 37-7	9,835556	-73,921389	11	0,06	0,053333	La Carène	NGC
NGC 3078	Galaxie	ESO 499-27	9,973472	-26,926111	11,1	0,045	0,038333	L’Hydre	NGC
NGC 3081	Galaxie	IC 2529 – ESO 499-31	9,991528	-22,826111	12	0,036667	0,03	L’Hydre	NGC
NGC 3087	Galaxie	ESO 374-15	9,985722	-34,225556	10,5	0,033333	0,033333	La Machine pneumatique	NGC
NGC 3091	Galaxie	HCG 42A – ESO 566-41	10,003917	-19,636667	11,1	0,05	0,031667	L’Hydre	NGC
NGC 3095	Galaxie	ESO 435-26	10,001583	-31,553333	11,7	0,06	0,033333	La Machine pneumatique	NGC
NGC 3098	Galaxie	UGC 5397	10,037972	24,711389	12	0,036667	0,01	Le Lion	NGC
NGC 3100	Galaxie	ESO 435-30	10,011333	-31,664167	11,1	0,053333	0,028333	La Machine pneumatique	NGC
NGC 3105	Amas d’étoiles ouvert	ESO 167-SC14	10,010972	-54,7875	9,7	0,033333	0,033333	Les Voiles	NGC
NGC 3108	Galaxie	ESO 435-32	10,041417	-31,675833	11,8	0,041667	0,03	La Machine pneumatique	NGC
NGC 3109	Galaxie	ESO 499-36 – DDO 236	10,051833	-26,158333	9,9	0,318333	0,061667	L’Hydre	NGC
NGC 3114	Amas d’étoiles ouvert	ESO 127-SC2	10,043333	-60,1	4,2	0,583333	0,583333	La Carène	NGC
NGC 3132	Nébuleuse planétaire	Nébuleuse des Huit Éclats – ESO 316-PN27 – PK 272+12.1	10,117167	-40,436111	9,2	0,0245	0,0245	Les Voiles	NGC
NGC 3136	Galaxie	ESO 92-8	10,096722	-67,3775	10,7	0,051667	0,035	La Carène	NGC
NGC 3136-B	Galaxie	ESO 92-13	10,170333	-67,005	11,7	0,023333	0,013333	La Carène	NGC
NGC 3137	Galaxie	ESO 435-47	10,152056	-29,063611	11,5	0,103333	0,036667	La Machine pneumatique	NGC
NGC 3145	Galaxie	MCG -2-26-36	10,169417	-12,434444	11,7	0,05	0,026667	L’Hydre	NGC
NGC 3147	Galaxie	UGC 5532	10,281444	73,400278	10,6	0,065	0,058333	Le Dragon	NGC
NGC 3158	Galaxie	UGC 5511	10,230694	38,765556	11,9	0,033333	0,03	Le Petit Lion	NGC
NGC 3162	Galaxie	UGC 5510	10,225417	22,737222	11,6	0,051667	0,045	Le Lion	NGC
NGC 3166	Galaxie	UGC 5516	10,229306	3,425833	10,4	0,08	0,038333	Le Sextant	NGC
NGC 3169	Galaxie	UGC 5525	10,237417	3,466944	10,2	0,07	0,048333	Le Sextant	NGC
NGC 3175	Galaxie	ESO 436-3	10,245083	-28,871111	11,2	0,085	0,021667	La Machine pneumatique	NGC
NGC 3183	Galaxie	UGC 5582	10,3635	74,177222	11,9	0,038333	0,023333	Le Dragon	NGC
NGC 3184	Galaxie	UGC 5557	10,304722	41,423333	9,8	0,123333	0,115	La Grande Ourse	NGC
NGC 3190	Galaxie	Arp 316 – HCG 44A	10,301556	21,832778	11,2	0,073333	0,025	Le Lion	NGC
NGC 3193	Galaxie	Arp 316 – HCG 44B	10,306889	21,893889	10,9	0,033333	0,033333	Le Lion	NGC
NGC 3195	Nébuleuse planétaire	ESO 19-PN2 – PK 296-20.1	10,155861	-80,858056	11,6	0,011667	0,008333	Le Caméléon	NGC
NGC 3198	Galaxie	UGC 5572	10,331917	45,55	10,3	0,141667	0,055	La Grande Ourse	NGC
NGC 3200	Galaxie	ESO 567-45	10,310111	-17,982222	12	0,07	0,021667	L’Hydre	NGC
NGC 3201	Amas d’étoiles globulaire	ESO 263-SC26	10,293556	-46,410556	6,9	0,333333	0,333333	Les Voiles	NGC
NGC 3206	Galaxie	UGC 5589	10,363222	56,930833	11,9	0,048333	0,031667	La Grande Ourse	NGC
NGC 3211	Nébuleuse planétaire	ESO 127-PN15 – PK 286-4.1	10,297333	-62,67	10,7	0,005333	0,005333	La Carène	NGC
NGC 3223	Galaxie	IC 2571 – ESO 375-12	10,359667	-34,266944	11	0,068333	0,045	La Machine pneumatique	NGC
NGC 3224	Galaxie	ESO 375-13	10,361417	-34,696111	11	0,031667	0,025	La Machine pneumatique	NGC
NGC 3226	Galaxie	Arp 94 – UGC 5617	10,390806	19,8975	11,4	0,046667	0,033333	Le Lion	NGC
NGC 3227	Galaxie	Arp 94 – UGC 5620	10,391778	19,865278	10,3	0,068333	0,065	Le Lion	NGC
NGC 3228	Amas d’étoiles ouvert	ESO 214-SC1	10,356111	-51,728333	6	0,083333	0,083333	Les Voiles	NGC
NGC 3239	Galaxie	Arp 263 – UGC 5637	10,418194	17,160278	11,3	0,075	0,04	Le Lion	NGC
NGC 3245	Galaxie	UGC 5663	10,455056	28,507778	10,8	0,053333	0,03	Le Petit Lion	NGC
NGC 3247	Amas d’étoiles ouvert	ESO 127-SC19	10,403333	-57,763333	7,6	0,083333	0,083333	La Carène	NGC
NGC 3250	Galaxie	ESO 317-26	10,44225	-39,943611	11,1	0,045	0,033333	La Machine pneumatique	NGC
NGC 3254	Galaxie	UGC 5685	10,488861	29,492222	11,7	0,075	0,023333	Le Petit Lion	NGC
NGC 3255	Amas d’étoiles ouvert	ESO 127-SC20	10,442028	-60,678333	11	0,033333	0,033333	La Carène	NGC
NGC 3256	Galaxie	ESO 263-38	10,464278	-43,905278	11,5	0,063333	0,035	Les Voiles	NGC
NGC 3258	Galaxie	ESO 375-37	10,4815	-35,605	11,5	0,048333	0,041667	La Machine pneumatique	NGC
NGC 3261	Galaxie	ESO 263-40	10,483722	-44,6575	11,2	0,058333	0,046667	Les Voiles	NGC
NGC 3263	Galaxie	ESO 263-43	10,487028	-44,122778	11,9	0,085	0,023333	Les Voiles	NGC
NGC 3264	Galaxie	UGC 5719	10,538861	56,083889	12	0,048333	0,02	La Grande Ourse	NGC
NGC 3268	Galaxie	ESO 375-45	10,500083	-35,325556	11,5	0,05	0,041667	La Machine pneumatique	NGC
NGC 3271	Galaxie	IC 2585 – ESO 375-48	10,507361	-35,36	11,8	0,055	0,03	La Machine pneumatique	NGC
NGC 3275	Galaxie	ESO 375-50	10,514361	-36,736944	11,8	0,046667	0,035	La Machine pneumatique	NGC
NGC 3277	Galaxie	UGC 5731	10,548722	28,512222	11,7	0,035	0,03	Le Petit Lion	NGC
NGC 3281	Galaxie	ESO 375-55	10,531167	-34,854444	11,7	0,053333	0,026667	La Machine pneumatique	NGC
NGC 3283	Galaxie	ESO 263-48	10,519778	-46,250556	11,5	0,053333	0,025	Les Voiles	NGC
NGC 3293	Amas d’étoiles ouvert	Amas de la Gemme – ESO 128-SC5	10,5975	-58,23	4,7	0,083333	0,083333	La Carène	NGC
NGC 3294	Galaxie	UGC 5753	10,604444	37,324722	11,8	0,056667	0,03	Le Petit Lion	NGC
NGC 3301	Galaxie	UGC 5767	10,6155	21,881667	11,4	0,055	0,016667	Le Lion	NGC
NGC 3308	Galaxie	ESO 501-34	10,606194	-27,437222	11,9	0,028333	0,021667	L’Hydre	NGC
NGC 3309	Galaxie	ESO 501-36	10,609917	-27,5175	11,6	0,031667	0,026667	L’Hydre	NGC
NGC 3310	Galaxie	Arp 217 – UGC 5786	10,646	53,503333	10,8	0,051667	0,04	La Grande Ourse	NGC
NGC 3311	Galaxie	ESO 501-38	10,611861	-27,528611	11,7	0,038333	0,035	L’Hydre	NGC
NGC 3312	Galaxie	IC 629 – ESO 501-43	10,617306	-27,565556	11,9	0,055	0,02	L’Hydre	NGC
NGC 3313	Galaxie	ESO 501-50	10,62375	-25,318889	11,4	0,065	0,053333	L’Hydre	NGC
NGC 3318	Galaxie	ESO 317-52	10,620833	-41,627222	11,6	0,038333	0,02	Les Voiles	NGC
NGC 3319	Galaxie	UGC 5789	10,652667	41,687222	11,1	0,101667	0,056667	La Grande Ourse	NGC
NGC 3330	Amas d’étoiles ouvert	ESO 168-SC11	10,646111	-54,115	7,4	0,1	0,1	Les Voiles	NGC
NGC 3338	Galaxie	UGC 5826	10,702111	13,746667	11,1	0,095	0,056667	Le Lion	NGC
NGC 3346	Galaxie	UGC 5842	10,727417	14,872222	11,7	0,045	0,043333	Le Lion	NGC
NGC 3347	Galaxie	ESO 376-13	10,712944	-36,353333	11,3	0,056667	0,035	La Machine pneumatique	NGC
NGC 3348	Galaxie	UGC 5875	10,786111	72,838889	11,1	0,033333	0,033333	La Grande Ourse	NGC
NGC 3358	Galaxie	ESO 376-17	10,725833	-36,410833	11,4	0,053333	0,03	La Machine pneumatique	NGC
NGC 3359	Galaxie	UGC 5873	10,77675	63,223333	10,6	0,12	0,073333	La Grande Ourse	NGC
NGC 3366	Galaxie	IC 2592 – ESO 264-7	10,585583	-43,693611	11,3	0,03	0,013333	Les Voiles	NGC
NGC 3367	Galaxie	UGC 5880	10,776361	13,750278	11,5	0,041667	0,04	Le Lion	NGC
NGC 3370	Galaxie	UGC 5887	10,784444	17,273889	11,6	0,043333	0,025	Le Lion	NGC
NGC 3373	Galaxie	UGC 5914	10,807778	12,533056	11,9	0,048333	0,021667	Le Lion	NGC
NGC 3377	Galaxie	UGC 5899	10,795083	13,985833	10,4	0,083333	0,05	Le Lion	NGC
NGC 3381	Galaxie	UGC 5909	10,806861	34,711389	11,8	0,033333	0,03	Le Petit Lion	NGC
NGC 3390	Galaxie	ESO 437-62	10,801194	-31,533333	11,9	0,058333	0,01	L’Hydre	NGC
NGC 3396	Galaxie	Arp 270 – UGC 5935	10,832111	32,990556	12	0,048333	0,02	Le Petit Lion	NGC
NGC 3402	Galaxie	MCG -2-28-12	10,840583	-12,845	11,9	0,035	0,035	L’Hydre	NGC
NGC 3412	Galaxie	UGC 5952	10,848139	13,412778	10,5	0,061667	0,036667	Le Lion	NGC
NGC 3414	Galaxie	Arp 162 – UGC 5959	10,854472	27,975	11	0,058333	0,043333	Le Petit Lion	NGC
NGC 3423	Galaxie	UGC 5962	10,854	5,84	11,1	0,065	0,055	Le Sextant	NGC
NGC 3430	Galaxie	UGC 5982	10,869861	32,950833	11,6	0,068333	0,036667	Le Petit Lion	NGC
NGC 3433	Galaxie	UGC 5981	10,867778	10,147778	11,6	0,058333	0,05	Le Lion	NGC
NGC 3434	Galaxie	UGC 5980	10,866111	3,791944	12	0,035	0,031667	Le Lion	NGC
NGC 3448	Galaxie	Arp 205 – UGC 6024	10,910778	54,305278	11,6	0,093333	0,028333	La Grande Ourse	NGC
NGC 3449	Galaxie	ESO 376-25	10,881611	-32,927778	11,7	0,055	0,016667	La Machine pneumatique	NGC
NGC 3450	Galaxie	ESO 569-6	10,800972	-20,848889	11,8	0,043333	0,038333	L’Hydre	NGC
NGC 3455	Galaxie	UGC 6028	10,908583	17,284444	12	0,043333	0,033333	Le Lion	NGC
NGC 3483	Galaxie	ESO 438-1	10,983361	-28,477778	12	0,03	0,02	L’Hydre	NGC
NGC 3485	Galaxie	UGC 6077	11,000667	14,841111	11,8	0,04	0,036667	Le Lion	NGC
NGC 3486	Galaxie	UGC 6079	11,006667	28,975556	10,5	0,118333	0,086667	Le Petit Lion	NGC
NGC 3489	Galaxie	UGC 6082	11,005111	13,900833	10,3	0,06	0,036667	Le Lion	NGC
NGC 3495	Galaxie	UGC 6098	11,021056	3,626944	11,8	0,081667	0,018333	Le Lion	NGC
NGC 3496	Amas d’étoiles ouvert	ESO 128-SC26	10,993333	-60,336667	8,2	0,116667	0,116667	La Carène	NGC
NGC 3497	Galaxie	IC 2624 – ESO 570-6	11,121694	-19,471389	11,9	0,043333	0,025	La Coupe	NGC
NGC 3504	Galaxie	UGC 6118	11,053083	27,973056	11,1	0,045	0,035	Le Petit Lion	NGC
NGC 3507	Galaxie	UGC 6123	11,057083	18,134722	11,9	0,056667	0,048333	Le Lion	NGC
NGC 3511	Galaxie	ESO 502-13	11,056583	-23,086389	11	0,1	0,035	La Coupe	NGC
NGC 3513	Galaxie	ESO 502-14	11,062722	-23,244167	11,5	0,048333	0,04	La Coupe	NGC
NGC 3516	Galaxie	UGC 6153	11,113194	72,569167	11,7	0,031667	0,023333	La Grande Ourse	NGC
NGC 3519	Amas d’étoiles ouvert	ESO 128-SC30	11,067417	-61,368056	7,7	0,133333	0,133333	La Carène	NGC
NGC 3532	Amas d’étoiles ouvert	ESO 128-SC31	11,094444	-58,733333	3	0,833333	0,833333	La Carène	NGC
NGC 3557	Galaxie	ESO 377-16	11,165944	-37,539444	10,4	0,066667	0,05	Le Centaure	NGC
NGC 3568	Galaxie	ESO 377-20	11,180111	-37,448889	12	0,041667	0,015	Le Centaure	NGC
NGC 3572	Amas d’étoiles ouvert	ESO 129-SC1	11,174056	-60,243889	6,6	0,116667	0,116667	La Carène	NGC
NGC 3583	Galaxie	UGC 6263	11,236389	48,318333	11,1	0,046667	0,03	La Grande Ourse	NGC
NGC 3585	Galaxie	ESO 502-25	11,221472	-26,755	9,9	0,076667	0,041667	L’Hydre	NGC
NGC 3590	Amas d’étoiles ouvert	ESO 129-SC14	11,216361	-60,788889	8,2	0,033333	0,033333	La Carène	NGC
NGC 3593	Galaxie	UGC 6272	11,243611	12,818333	10,9	0,086667	0,031667	Le Lion	NGC
NGC 3596	Galaxie	UGC 6277	11,251694	14,786944	11,3	0,066667	0,063333	Le Lion	NGC
NGC 3599	Galaxie	UGC 6281	11,257444	18,110278	12	0,045	0,035	Le Lion	NGC
NGC 3600	Galaxie	UGC 6283	11,264444	41,591111	11,7	0,068333	0,013333	La Grande Ourse	NGC
NGC 3603	Amas associé à une nébulosité	ESO 129-SC16	11,251833	-61,261111	9,1	0,066667	0,066667	La Carène	NGC
NGC 3608	Galaxie	UGC 6299	11,283056	18,148056	10,8	0,053333	0,043333	Le Lion	NGC
NGC 3610	Galaxie	UGC 6319	11,306917	58,786667	10,8	0,045	0,038333	La Grande Ourse	NGC
NGC 3613	Galaxie	UGC 6323	11,309972	58,000556	10,9	0,065	0,031667	La Grande Ourse	NGC
NGC 3614	Galaxie	UGC 6318	11,306	45,748611	11,6	0,076667	0,043333	La Grande Ourse	NGC
NGC 3619	Galaxie	UGC 6330	11,322639	57,758333	11,5	0,045	0,038333	La Grande Ourse	NGC
NGC 3621	Galaxie	ESO 377-37	11,304389	-32,811111	9,7	0,205	0,113333	L’Hydre	NGC
NGC 3626	Galaxie	UGC 6343	11,334333	18,356667	11	0,045	0,031667	Le Lion	NGC
NGC 3630	Galaxie	UGC 6349	11,338028	2,964444	12	0,033333	0,013333	Le Lion	NGC
NGC 3631	Galaxie	Arp 27 – UGC 6360	11,35075	53,169722	10,4	0,083333	0,061667	La Grande Ourse	NGC
NGC 3640	Galaxie	UGC 6368	11,351861	3,234722	10,4	0,066667	0,053333	Le Lion	NGC
NGC 3642	Galaxie	UGC 6385	11,371528	59,075	11,2	0,091667	0,078333	La Grande Ourse	NGC
NGC 3646	Galaxie	UGC 6376	11,362	20,169167	11,1	0,065	0,036667	Le Lion	NGC
NGC 3655	Galaxie	UGC 6396	11,381861	16,589722	11,7	0,025	0,016667	Le Lion	NGC
NGC 3660	Galaxie	MCG -1-29-16	11,392278	-8,658611	11,9	0,046667	0,038333	La Coupe	NGC
NGC 3665	Galaxie	UGC 6426	11,412111	38,763056	10,8	0,071667	0,055	La Grande Ourse	NGC
NGC 3672	Galaxie	MCG -2-29-28	11,417306	-9,794722	11,4	0,066667	0,03	La Coupe	NGC
NGC 3673	Galaxie	ESO 503-16	11,420194	-26,736667	11,5	0,061667	0,04	L’Hydre	NGC
NGC 3680	Amas d’étoiles ouvert	ESO 265-SC32	11,427222	-43,25	7,6	0,116667	0,116667	Le Centaure	NGC
NGC 3681	Galaxie	UGC 6445	11,441583	16,863889	11,2	0,05	0,036667	Le Lion	NGC
NGC 3683-A	Galaxie	UGC 6484	11,486556	57,133056	11,9	0,04	0,028333	La Grande Ourse	NGC
NGC 3684	Galaxie	UGC 6453	11,453083	17,030833	11,4	0,051667	0,035	Le Lion	NGC
NGC 3686	Galaxie	UGC 6460	11,46225	17,223333	11,3	0,051667	0,04	Le Lion	NGC
NGC 3687	Galaxie	UGC 6463	11,466806	29,511111	12	0,031667	0,031667	La Grande Ourse	NGC
NGC 3690-A	Galaxie	Arp 299 – UGC 6472	11,475083	58,561111	11,2	0,026667	0,023333	La Grande Ourse	NGC
NGC 3690-B	Galaxie	Arp 299 – UGC 6472	11,475722	58,564444	10,9	0,033333	0,023333	La Grande Ourse	NGC
NGC 3699	Nébuleuse planétaire	ESO 129-PN21 – PK 292+1.1	11,465889	-59,9575	11,3	0,0125	0,0125	Le Centaure	NGC
NGC 3705	Galaxie	UGC 6498	11,502111	9,276111	11,1	0,081667	0,033333	Le Lion	NGC
NGC 3706	Galaxie	ESO 378-6	11,495611	-36,391389	11,4	0,051667	0,03	Le Centaure	NGC
NGC 3717	Galaxie	ESO 439-15	11,525556	-30,308333	11,2	0,103333	0,016667	L’Hydre	NGC
NGC 3718	Galaxie	Arp 214 – UGC 6524	11,542972	53,067222	10,8	0,135	0,066667	La Grande Ourse	NGC
NGC 3726	Galaxie	UGC 6537	11,555778	47,027778	10,4	0,1	0,068333	La Grande Ourse	NGC
NGC 3729	Galaxie	UGC 6547	11,563667	53,126389	11,4	0,048333	0,031667	La Grande Ourse	NGC
NGC 3735	Galaxie	UGC 6567	11,599194	70,535556	11,9	0,066667	0,013333	Le Dragon	NGC
NGC 3738	Amas d’étoiles ouvert	Arp 234 – UGC 6565	11,596722	54,523889	11,7	0,041667	0,031667	La Grande Ourse	NGC
NGC 3756	Galaxie	UGC 6579	11,613278	54,294167	11,5	0,07	0,035	La Grande Ourse	NGC
NGC 3763	Galaxie	IC 714	11,608389	-9,847222	11,8	0,018333	0,018333	La Coupe	NGC
NGC 3766	Amas d’étoiles ouvert	ESO 129-SC27	11,603972	-61,61	5,3	0,25	0,25	Le Centaure	NGC
NGC 3769	Galaxie	Arp 280 – UGC 6595	11,628917	47,893333	11,7	0,048333	0,016667	La Grande Ourse	NGC
NGC 3773	Galaxie	UGC 6605	11,636944	12,1125	12	0,02	0,016667	Le Lion	NGC
NGC 3780	Galaxie	UGC 6615	11,656083	56,270556	11,5	0,05	0,04	La Grande Ourse	NGC
NGC 3783	Galaxie	ESO 378-14	11,650444	-37,738333	11,9	0,031667	0,028333	Le Centaure	NGC
NGC 3801	Galaxie	UGC 6635	11,671333	17,7275	12	0,041667	0,026667	Le Lion	NGC
NGC 3810	Galaxie	UGC 6644	11,682944	11,470278	10,8	0,071667	0,05	Le Lion	NGC
NGC 3813	Galaxie	UGC 6651	11,688472	36,546667	11,7	0,033333	0,016667	La Grande Ourse	NGC
NGC 3818	Galaxie	MCG -1-30-23	11,69925	-6,155556	11,7	0,033333	0,02	La Vierge	NGC
NGC 3842	Galaxie	UGC 6704	11,733889	19,95	11,8	0,023333	0,016667	Le Lion	NGC
NGC 3854	Galaxie	MCG -1-30-28	11,74775	-9,233056	12	0,031667	0,025	La Coupe	NGC
NGC 3872	Galaxie	UGC 6738	11,763583	13,766667	11,7	0,031667	0,02	Le Lion	NGC
NGC 3882	Galaxie	ESO 170-11	11,768361	-56,388889	12	0,038333	0,023333	Le Centaure	NGC
NGC 3885	Galaxie	ESO 440-7	11,779583	-27,922222	10,9	0,04	0,016667	L’Hydre	NGC
NGC 3887	Galaxie	MCG -3-30-12	11,784611	-16,853889	10,6	0,058333	0,045	La Coupe	NGC
NGC 3892	Galaxie	MCG -2-30-30	11,800278	-10,962222	11,5	0,051667	0,038333	La Coupe	NGC
NGC 3893	Galaxie	UGC 6778	11,810611	48,711389	10,5	0,075	0,046667	La Grande Ourse	NGC
NGC 3894	Galaxie	UGC 6779	11,813944	59,416389	11,6	0,046667	0,028333	La Grande Ourse	NGC
NGC 3898	Galaxie	UGC 6787	11,820917	56,084722	10,7	0,073333	0,043333	La Grande Ourse	NGC
NGC 3900	Galaxie	UGC 6786	11,81925	27,021667	11,4	0,053333	0,028333	Le Lion	NGC
NGC 3904	Galaxie	ESO 440-13	11,820333	-29,276944	10,9	0,045	0,033333	L’Hydre	NGC
NGC 3917	Galaxie	UGC 6815	11,846	51,824722	11,8	0,083333	0,018333	La Grande Ourse	NGC
NGC 3918	Nébuleuse planétaire	Planétaire bleue – ESO 170-PN13 – PK 294+4.1	11,838278	-57,181944	8,1	0,006333	0,006333	Le Centaure	NGC
NGC 3923	Galaxie	ESO 440-17	11,850444	-28,805833	9,8	0,098333	0,065	L’Hydre	NGC
NGC 3938	Galaxie	UGC 6856	11,880333	44,121389	10,4	0,09	0,081667	La Grande Ourse	NGC
NGC 3945	Galaxie	UGC 6860	11,887056	60,675278	10,9	0,086667	0,058333	La Grande Ourse	NGC
NGC 3949	Galaxie	UGC 6869	11,894833	47,86	11,1	0,048333	0,028333	La Grande Ourse	NGC
NGC 3953	Galaxie	UGC 6870	11,896778	52,325	10,1	0,115	0,06	La Grande Ourse	NGC
NGC 3955	Galaxie	ESO 504-26	11,899222	-23,164444	12	0,051667	0,016667	La Coupe	NGC
NGC 3956	Galaxie	ESO 572-13	11,90025	-20,566667	12	0,055	0,016667	La Coupe	NGC
NGC 3957	Galaxie	IC 2965 – ESO 572-14	11,900417	-19,568889	11,8	0,048333	0,011667	La Coupe	NGC
NGC 3960	Amas d’étoiles ouvert	ESO 170-SC14	11,842528	-55,676389	8,3	0,116667	0,116667	Le Centaure	NGC
NGC 3962	Galaxie	MCG -2-30-40	11,911056	-13,974722	10,7	0,043333	0,036667	La Coupe	NGC
NGC 3963	Galaxie	UGC 6884	11,916333	58,493333	11,9	0,045	0,04	La Grande Ourse	NGC
NGC 3968	Galaxie	UGC 6895	11,924639	11,968611	11,8	0,045	0,031667	Le Lion	NGC
NGC 3976	Galaxie	UGC 6906	11,932556	6,748333	11,5	0,063333	0,02	La Vierge	NGC
NGC 3981	Galaxie	Arp 289 – ESO 572-20	11,935278	-19,897222	11	0,088333	0,041667	La Coupe	NGC
NGC 3982	Galaxie	UGC 6918	11,941111	55,125	11	0,038333	0,033333	La Grande Ourse	NGC
NGC 3998	Galaxie	UGC 6946	11,965528	55,453889	10,7	0,045	0,038333	La Grande Ourse	NGC
NGC 4008	Galaxie	UGC 6953	11,971417	28,192778	12	0,04	0,021667	Le Lion	NGC
NGC 4013	Galaxie	UGC 6963	11,975361	43,947222	11,2	0,086667	0,016667	La Grande Ourse	NGC
NGC 4024	Galaxie	ESO 572-31	11,975417	-18,346667	11,7	0,031667	0,026667	Le Corbeau	NGC
NGC 4027	Galaxie	Arp 22 – ESO 572-37	11,991806	-19,265833	11,1	0,055	0,04	Le Corbeau	NGC
NGC 4030	Galaxie	UGC 6993	12,0065	-1,100556	10,6	0,07	0,053333	La Vierge	NGC
NGC 4033	Galaxie	ESO 572-42	12,009639	-17,843333	11,7	0,04	0,02	Le Corbeau	NGC
NGC 4036	Galaxie	UGC 7005	12,024167	61,896111	10,7	0,071667	0,028333	La Grande Ourse	NGC
NGC 4037	Galaxie	UGC 7002	12,023278	13,400556	11,9	0,04	0,036667	La Chevelure de Bérénice	NGC
NGC 4038	Galaxie	Galaxies des Antennes – Arp 244 – ESO 572-47	12,031333	-18,864444	10,3	0,056667	0,028333	Le Corbeau	NGC
NGC 4039	Galaxie	Galaxies des Antennes – Arp 244 – ESO 572-48	12,031611	-18,885556	10,3	0,055	0,028333	Le Corbeau	NGC
NGC 4041	Galaxie	UGC 7014	12,036639	62,136944	11,3	0,045	0,043333	La Grande Ourse	NGC
NGC 4045	Galaxie	UGC 7021	12,045056	1,976944	12	0,045	0,028333	La Vierge	NGC
NGC 4051	Galaxie	UGC 7030	12,052667	44,531944	10,2	0,086667	0,065	La Grande Ourse	NGC
NGC 4052	Amas d’étoiles ouvert	ESO 94-SC10	12,033333	-63,221667	8,8	0,166667	0,166667	La Croix du Sud	NGC
NGC 4062	Galaxie	UGC 7045	12,067722	31,895278	11,1	0,066667	0,03	La Grande Ourse	NGC
NGC 4064	Galaxie	UGC 7054	12,069722	18,443333	11,5	0,076667	0,028333	La Chevelure de Bérénice	NGC
NGC 4073	Galaxie	UGC 7060	12,074194	1,896389	11,4	0,053333	0,038333	La Vierge	NGC
NGC 4094	Galaxie	MCG -2-31-16	12,098306	-14,526111	12	0,068333	0,025	Le Corbeau	NGC
NGC 4096	Galaxie	UGC 7090	12,10025	47,475833	10,9	0,108333	0,03	La Grande Ourse	NGC
NGC 4100	Galaxie	UGC 7095	12,102306	49,582778	11,2	0,09	0,028333	La Grande Ourse	NGC
NGC 4102	Galaxie	UGC 7096	12,106472	52,710833	11,2	0,051667	0,028333	La Grande Ourse	NGC
NGC 4103	Amas d’étoiles ouvert	ESO 130-SC5	12,110972	-61,25	7,4	0,1	0,1	La Croix du Sud	NGC
NGC 4105	Galaxie	ESO 440-54	12,111278	-29,76	10,7	0,046667	0,035	L’Hydre	NGC
NGC 4106	Galaxie	ESO 440-56	12,112639	-29,768333	11,4	0,026667	0,021667	L’Hydre	NGC
NGC 4112	Galaxie	ESO 321-6	12,119222	-40,207778	12	0,026667	0,015	Le Centaure	NGC
NGC 4116	Galaxie	UGC 7111	12,126944	2,691111	12	0,063333	0,038333	La Vierge	NGC
NGC 4119	Galaxie	IC 3011 – UGC 7117	12,135972	10,378889	11,4	0,071667	0,023333	La Vierge	NGC
NGC 4123	Galaxie	UGC 7116	12,136444	2,878333	11,4	0,071667	0,053333	La Vierge	NGC
NGC 4125	Galaxie	UGC 7118	12,134861	65,174444	9,7	0,096667	0,053333	Le Dragon	NGC
NGC 4128	Galaxie	UGC 7120	12,142278	68,768056	12	0,04	0,015	Le Dragon	NGC
NGC 4136	Galaxie	UGC 7134	12,154944	29,927778	11,1	0,065	0,06	La Chevelure de Bérénice	NGC
NGC 4138	Galaxie	UGC 7139	12,15825	43,685556	11,3	0,043333	0,028333	Les Chiens de Chasse	NGC
NGC 4143	Galaxie	UGC 7142	12,160056	42,534444	10,9	0,038333	0,023333	Les Chiens de Chasse	NGC
NGC 4144	Galaxie	UGC 7151	12,166472	46,457222	11,6	0,101667	0,025	La Grande Ourse	NGC
NGC 4145	Galaxie	UGC 7154	12,167139	39,882778	11,3	0,098333	0,068333	Les Chiens de Chasse	NGC
NGC 4147	Amas d’étoiles globulaire	GCL 18	12,168389	18,5425	10,4	0,073333	0,073333	La Chevelure de Bérénice	NGC
NGC 4150	Galaxie	UGC 7165	12,176	30,401944	11,6	0,038333	0,026667	La Chevelure de Bérénice	NGC
NGC 4151	Galaxie	UGC 7166	12,175639	39,406667	10,8	0,105	0,075	Les Chiens de Chasse	NGC
NGC 4157	Galaxie	UGC 7183	12,184556	50,484722	11,4	0,111667	0,02	La Grande Ourse	NGC
NGC 4168	Galaxie	UGC 7203	12,204778	13,204444	11,2	0,046667	0,036667	La Vierge	NGC
NGC 4178	Galaxie	IC 3042 – UGC 7215	12,212833	10,864167	11,4	0,083333	0,028333	La Vierge	NGC
NGC 4179	Galaxie	UGC 7214	12,214472	1,299722	11	0,07	0,021667	La Vierge	NGC
NGC 4189	Galaxie	IC 3050 – UGC 7235	12,229778	13,424722	11,7	0,041667	0,028333	La Chevelure de Bérénice	NGC
NGC 4203	Galaxie	UGC 7256	12,251389	33,1975	10,9	0,058333	0,053333	La Chevelure de Bérénice	NGC
NGC 4208	Galaxie	UGC 7275	12,260889	13,901944	11,2	0,053333	0,033333	La Chevelure de Bérénice	NGC
NGC 4217	Galaxie	UGC 7282	12,264056	47,09	11,2	0,086667	0,025	Les Chiens de Chasse	NGC
NGC 4219	Galaxie	ESO 267-37	12,274278	-43,3225	11,9	0,061667	0,018333	Le Centaure	NGC
NGC 4220	Galaxie	UGC 7290	12,269944	47,883056	11,4	0,065	0,025	Les Chiens de Chasse	NGC
NGC 4223	Galaxie	IC 3102 – UGC 7319	12,2905	6,689444	11,9	0,041667	0,023333	La Vierge	NGC
NGC 4224	Galaxie	UGC 7292	12,276083	7,462222	11,8	0,041667	0,016667	La Vierge	NGC
NGC 4233	Galaxie	UGC 7311	12,285444	7,624167	11,9	0,04	0,018333	La Vierge	NGC
NGC 4235	Galaxie	IC 3098 – UGC 7310	12,286028	7,190833	11,6	0,07	0,015	La Vierge	NGC
NGC 4237	Galaxie	UGC 7315	12,2865	15,323333	11,6	0,035	0,023333	La Chevelure de Bérénice	NGC
NGC 4242	Galaxie	UGC 7323	12,291667	45,619167	10,8	0,086667	0,066667	Les Chiens de Chasse	NGC
NGC 4245	Galaxie	UGC 7328	12,293583	29,6075	11,4	0,048333	0,036667	La Chevelure de Bérénice	NGC
NGC 4250	Galaxie	UGC 7329	12,290528	70,802778	11,8	0,045	0,035	Le Dragon	NGC
NGC 4251	Galaxie	UGC 7338	12,302333	28,175278	10,7	0,06	0,025	La Chevelure de Bérénice	NGC
NGC 4256	Galaxie	UGC 7351	12,311889	65,898333	11,9	0,075	0,013333	Le Dragon	NGC
NGC 4260	Galaxie	UGC 7361	12,322833	6,098333	11,8	0,045	0,021667	La Vierge	NGC
NGC 4261	Galaxie	UGC 7360	12,323083	5,824444	10,4	0,068333	0,06	La Vierge	NGC
NGC 4262	Galaxie	UGC 7365	12,325167	14,877778	11,6	0,03	0,026667	La Chevelure de Bérénice	NGC
NGC 4267	Galaxie	UGC 7373	12,32925	12,798333	10,9	0,05	0,046667	La Vierge	NGC
NGC 4273	Galaxie	UGC 7380	12,332222	5,343611	11,9	0,038333	0,025	La Vierge	NGC
NGC 4278	Galaxie	UGC 7386	12,335194	29,280278	10,2	0,063333	0,063333	La Chevelure de Bérénice	NGC
NGC 4281	Galaxie	UGC 7389	12,339333	5,386389	11,3	0,05	0,026667	La Vierge	NGC
NGC 4290	Galaxie	UGC 7402	12,346528	58,0925	12	0,036667	0,026667	La Grande Ourse	NGC
NGC 4291	Galaxie	UGC 7397	12,338139	75,371111	11,5	0,033333	0,028333	Le Dragon	NGC
NGC 4293	Galaxie	UGC 7405	12,353583	18,382778	10,4	0,093333	0,043333	La Chevelure de Bérénice	NGC
NGC 4298	Galaxie	UGC 7412	12,359139	14,606667	11,3	0,053333	0,031667	La Chevelure de Bérénice	NGC
NGC 4302	Galaxie	UGC 7418	12,361722	14,598333	11,6	0,088333	0,016667	La Chevelure de Bérénice	NGC
NGC 4304	Galaxie	ESO 380-20	12,370194	-33,484722	11,7	0,05	0,04	L’Hydre	NGC
NGC 4307	Galaxie	UGC 7431	12,368111	9,041944	12	0,058333	0,013333	La Vierge	NGC
NGC 4312	Galaxie	UGC 7442	12,375389	15,538056	11,7	0,076667	0,018333	La Chevelure de Bérénice	NGC
NGC 4313	Galaxie	UGC 7445	12,377306	11,801111	12	0,063333	0,015	La Vierge	NGC
NGC 4314	Galaxie	UGC 7443	12,3755	29,895833	10,6	0,07	0,061667	La Chevelure de Bérénice	NGC
NGC 4319	Galaxie	UGC 7429	12,362194	75,3225	12	0,046667	0,035	Le Dragon	NGC
NGC 4324	Galaxie	UGC 7451	12,385	5,25	11,6	0,048333	0,02	La Vierge	NGC
NGC 4337	Amas d’étoiles ouvert	ESO 131-SC2	12,400889	-58,123611	8,9	0,058333	0,058333	La Croix du Sud	NGC
NGC 4339	Galaxie	UGC 7461	12,393028	6,081944	11,4	0,031667	0,028333	La Vierge	NGC
NGC 4340	Galaxie	UGC 7467	12,393111	16,722778	11,2	0,05	0,033333	La Chevelure de Bérénice	NGC
NGC 4346	Galaxie	UGC 7463	12,391083	46,993889	11,2	0,053333	0,021667	Les Chiens de Chasse	NGC
NGC 4349	Amas d’étoiles ouvert	ESO 131-SC3	12,401667	-61,870278	7,4	0,066667	0,066667	La Croix du Sud	NGC
NGC 4350	Galaxie	UGC 7473	12,399389	16,693333	11	0,048333	0,026667	La Chevelure de Bérénice	NGC
NGC 4365	Galaxie	UGC 7488	12,407833	7,3175	9,6	0,115	0,083333	La Vierge	NGC
NGC 4369	Galaxie	UGC 7489	12,410111	39,382778	11,7	0,035	0,033333	Les Chiens de Chasse	NGC
NGC 4371	Galaxie	UGC 7493	12,415389	11,704167	10,8	0,066667	0,038333	La Vierge	NGC
NGC 4372	Amas d’étoiles globulaire	ESO 64-SC6	12,429278	-72,658611	7,2	0,083333	0,083333	La Mouche	NGC
NGC 4373	Galaxie	ESO 322-6	12,421583	-39,760556	10,9	0,06	0,043333	Le Centaure	NGC
NGC 4373-A	Galaxie	ESO 322-8	12,427083	-39,319722	11,6	0,043333	0,015	Le Centaure	NGC
NGC 4378	Galaxie	UGC 7497	12,421667	4,925278	11,7	0,048333	0,045	La Vierge	NGC
NGC 4379	Galaxie	UGC 7502	12,42075	15,607778	11,7	0,033333	0,026667	La Chevelure de Bérénice	NGC
NGC 4380	Galaxie	UGC 7503	12,422806	10,016667	11,7	0,058333	0,031667	La Vierge	NGC
NGC 4386	Galaxie	UGC 7491	12,407694	75,529444	11,7	0,041667	0,021667	Le Dragon	NGC
NGC 4389	Galaxie	UGC 7514	12,426389	45,685	11,7	0,043333	0,021667	Les Chiens de Chasse	NGC
NGC 4394	Galaxie	UGC 7523	12,432111	18,214167	10,9	0,056667	0,053333	La Chevelure de Bérénice	NGC
NGC 4395	Galaxie	UGC 7524	12,430222	33,546667	10,2	0,22	0,183333	Les Chiens de Chasse	NGC
NGC 4402	Galaxie	UGC 7528	12,4355	13,113056	11,8	0,065	0,018333	La Vierge	NGC
NGC 4405	Galaxie	IC 788 – UGC 7529	12,435306	16,181111	12	0,026667	0,018333	La Chevelure de Bérénice	NGC
NGC 4407	Galaxie	UGC 7538	12,44225	12,610278	11,9	0,038333	0,023333	La Vierge	NGC
NGC 4417	Galaxie	UGC 7542	12,447333	9,584444	11,1	0,055	0,023333	La Vierge	NGC
NGC 4419	Galaxie	UGC 7551	12,449	15,047778	11,2	0,055	0,02	La Chevelure de Bérénice	NGC
NGC 4421	Galaxie	UGC 7554	12,450694	15,460833	11,6	0,045	0,033333	La Chevelure de Bérénice	NGC
NGC 4424	Galaxie	UGC 7561	12,453167	9,421389	11,7	0,058333	0,028333	La Vierge	NGC
NGC 4425	Galaxie	UGC 7562	12,453694	12,734722	11,8	0,046667	0,016667	La Vierge	NGC
NGC 4429	Galaxie	UGC 7568	12,457306	11,1075	10	0,096667	0,046667	La Vierge	NGC
NGC 4430	Galaxie	UGC 7566	12,457278	6,262778	12	0,038333	0,033333	La Vierge	NGC
NGC 4435	Galaxie	Les Yeux – Chaîne de Markarian – Arp 120 – UGC 7575	12,46125	13,079722	10,8	0,05	0,036667	La Vierge	NGC
NGC 4437	Galaxie	UGC 7694	12,546	0,115556	10,4	0,175	0,025	La Vierge	NGC
NGC 4439	Amas d’étoiles ouvert	ESO 131-SC6	12,473972	-60,103056	8,4	0,066667	0,066667	La Croix du Sud	NGC
NGC 4440	Galaxie	UGC 7581	12,464861	12,293333	11,7	0,03	0,026667	La Vierge	NGC
NGC 4442	Galaxie	UGC 7583	12,46775	9,803889	10,4	0,075	0,03	La Vierge	NGC
NGC 4443	Galaxie	Chaîne de Markarian – UGC 7613	12,484139	13,184444	11,2	0,056667	0,023333	La Vierge	NGC
NGC 4448	Galaxie	UGC 7591	12,470972	28,621389	11,1	0,065	0,023333	La Chevelure de Bérénice	NGC
NGC 4450	Galaxie	UGC 7594	12,474806	17,084167	10,1	0,09	0,068333	La Chevelure de Bérénice	NGC
NGC 4452	Galaxie	UGC 7601	12,478694	11,755	12	0,045	0,01	La Vierge	NGC
NGC 4454	Galaxie	UGC 7606	12,480722	-1,938889	11,9	0,038333	0,035	La Vierge	NGC
NGC 4457	Galaxie	UGC 7609	12,483028	3,571111	10,9	0,043333	0,038333	La Vierge	NGC
NGC 4459	Galaxie	UGC 7614	12,483333	13,978611	10,4	0,058333	0,045	La Chevelure de Bérénice	NGC
NGC 4460	Galaxie	UGC 7611	12,479306	44,864444	11,3	0,07	0,021667	Les Chiens de Chasse	NGC
NGC 4462	Galaxie	ESO 506-13	12,489167	-23,166389	12	0,051667	0,018333	Le Corbeau	NGC
NGC 4463	Amas d’étoiles ouvert	ESO 95-SC10	12,498667	-64,789444	7,2	0,1	0,1	La Mouche	NGC
NGC 4469	Galaxie	UGC 7622	12,491139	8,750278	11,2	0,063333	0,021667	La Vierge	NGC
NGC 4473	Galaxie	Chaîne de Markarian – UGC 7631	12,496861	13,429722	10,2	0,075	0,041667	La Chevelure de Bérénice	NGC
NGC 4474	Galaxie	UGC 7634	12,498139	14,068611	11,5	0,04	0,026667	La Chevelure de Bérénice	NGC
NGC 4477	Galaxie	Chaîne de Markarian – UGC 7638	12,500556	13,636944	10,4	0,061667	0,055	La Chevelure de Bérénice	NGC
NGC 4478	Galaxie	UGC 7645	12,504806	12,328611	11,5	0,03	0,025	La Vierge	NGC
NGC 4485	Galaxie	Arp 269 – UGC 7648	12,508694	41,700833	11,9	0,04	0,03	Les Chiens de Chasse	NGC
NGC 4487	Galaxie	MCG -1-32-21	12,517861	-8,053611	11	0,066667	0,046667	La Vierge	NGC
NGC 4489	Galaxie	UGC 7655	12,5145	16,759167	12	0,028333	0,026667	La Chevelure de Bérénice	NGC
NGC 4496	Galaxie	UGC 7668	12,527583	3,939722	11,4	0,065	0,051667	La Vierge	NGC
NGC 4503	Galaxie	UGC 7680	12,535028	11,175556	11,1	0,058333	0,028333	La Vierge	NGC
NGC 4519	Galaxie	UGC 7709	12,558389	8,655	11,8	0,053333	0,041667	La Vierge	NGC
NGC 4527	Galaxie	UGC 7721	12,569111	2,653333	10,5	0,103333	0,035	La Vierge	NGC
NGC 4531	Galaxie	UGC 7729	12,571056	13,075833	11,4	0,051667	0,033333	La Vierge	NGC
NGC 4532	Galaxie	UGC 7726	12,572028	6,467222	11,9	0,045	0,02	La Vierge	NGC
NGC 4536	Galaxie	UGC 7732	12,574139	2,187222	10,6	0,126667	0,053333	La Vierge	NGC
NGC 4539	Galaxie	UGC 7735	12,576278	18,202778	12	0,055	0,023333	La Chevelure de Bérénice	NGC
NGC 4540	Galaxie	UGC 7742	12,580806	15,551111	11,7	0,031667	0,025	La Chevelure de Bérénice	NGC
NGC 4546	Galaxie	MCG -1-32-27	12,591528	-3,793056	10,3	0,055	0,026667	La Vierge	NGC
NGC 4550	Galaxie	UGC 7757	12,591833	12,220833	11,7	0,055	0,015	La Vierge	NGC
NGC 4551	Galaxie	UGC 7759	12,593889	12,263889	12	0,03	0,023333	La Vierge	NGC
NGC 4564	Galaxie	UGC 7773	12,607472	11,439722	11,1	0,058333	0,025	La Vierge	NGC
NGC 4568	Galaxie	Jumeaux siamois – UGC 7776	12,6095	11,238611	10,8	0,076667	0,036667	La Vierge	NGC
NGC 4570	Galaxie	UGC 7785	12,614778	7,246944	10,9	0,061667	0,02	La Vierge	NGC
NGC 4571	Galaxie	IC 3588 – UGC 7788	12,615667	14,2175	11,3	0,06	0,053333	La Chevelure de Bérénice	NGC
NGC 4578	Galaxie	UGC 7793	12,625167	9,555556	11,5	0,051667	0,038333	La Vierge	NGC
NGC 4580	Galaxie	UGC 7794	12,630083	5,368056	11,8	0,035	0,025	La Vierge	NGC
NGC 4586	Galaxie	UGC 7804	12,641194	4,318611	11,7	0,063333	0,02	La Vierge	NGC
NGC 4589	Galaxie	UGC 7797	12,6235	74,191944	10,7	0,056667	0,046667	Le Dragon	NGC
NGC 4592	Galaxie	UGC 7819	12,655167	0,531389	11,6	0,096667	0,025	La Vierge	NGC
NGC 4593	Galaxie	MCG -1-32-32	12,660917	-5,343889	10,9	0,065	0,048333	La Vierge	NGC
NGC 4596	Galaxie	UGC 7828	12,665556	10,176389	10,4	0,066667	0,05	La Vierge	NGC
NGC 4597	Galaxie	MCG -1-32-34	12,670083	-5,800556	12	0,068333	0,031667	La Vierge	NGC
NGC 4602	Galaxie	MCG -1-32-36	12,676889	-5,1325	11,5	0,056667	0,02	La Vierge	NGC
NGC 4603	Galaxie	ESO 322-52	12,681944	-40,976111	11,4	0,056667	0,041667	Le Centaure	NGC
NGC 4606	Galaxie	UGC 7839	12,682639	11,911944	11,8	0,055	0,028333	La Vierge	NGC
NGC 4608	Galaxie	UGC 7842	12,687	10,155556	11	0,055	0,048333	La Vierge	NGC
NGC 4609	Amas d’étoiles ouvert	ESO 95-SC14	12,7055	-62,993889	6,9	0,1	0,1	La Croix du Sud	NGC
NGC 4612	Galaxie	UGC 7850	12,692444	7,314722	11,5	0,045	0,033333	La Vierge	NGC
NGC 4618	Galaxie	Arp 23 – IC 3667	12,6925	41,151111	10,8	0,07	0,056667	Les Chiens de Chasse	NGC
NGC 4624	Galaxie	UGC 7924	12,751694	3,055278	10,5	0,058333	0,058333	La Vierge	NGC
NGC 4632	Galaxie	UGC 7870	12,708972	0,080556	11,7	0,05	0,02	La Vierge	NGC
NGC 4636	Galaxie	UGC 7878	12,713806	2,687222	9,5	0,098333	0,076667	La Vierge	NGC
NGC 4638	Galaxie	UGC 7880	12,713139	11,4425	11,2	0,036667	0,023333	La Vierge	NGC
NGC 4639	Galaxie	UGC 7884	12,714528	13,257222	11,5	0,048333	0,033333	La Vierge	NGC
NGC 4643	Galaxie	UGC 7895	12,72225	1,978056	10,8	0,051667	0,041667	La Vierge	NGC
NGC 4645	Galaxie	ESO 322-66	12,736083	-41,749722	11,8	0,036667	0,023333	Le Centaure	NGC
NGC 4645-A	Galaxie	ESO 322-59	12,718222	-41,359444	11,1	0,046667	0,013333	Le Centaure	NGC
NGC 4647	Galaxie	Arp 116 – UGC 7896	12,725694	11,582778	11,3	0,048333	0,038333	La Vierge	NGC
NGC 4648	Galaxie	UGC 7868	12,695667	74,422222	12	0,03	0,02	Le Dragon	NGC
NGC 4650	Galaxie	ESO 322-67	12,738722	-40,731944	11,6	0,053333	0,045	Le Centaure	NGC
NGC 4651	Galaxie	Arp 189 – UGC 7901	12,728472	16,393611	10,8	0,066667	0,045	La Chevelure de Bérénice	NGC
NGC 4654	Galaxie	UGC 7902	12,732361	13,126389	10,5	0,083333	0,051667	La Vierge	NGC
NGC 4660	Galaxie	UGC 7914	12,742167	11,190556	11,2	0,035	0,028333	La Vierge	NGC
NGC 4666	Galaxie	UGC 7926	12,752278	0,462778	10,7	0,075	0,023333	La Vierge	NGC
NGC 4684	Galaxie	UGC 7951	12,788222	-2,726944	11,4	0,046667	0,018333	La Vierge	NGC
NGC 4688	Galaxie	UGC 7961	12,79625	4,335833	11,9	0,053333	0,046667	La Vierge	NGC
NGC 4689	Galaxie	UGC 7965	12,796028	13,762222	11	0,071667	0,058333	La Chevelure de Bérénice	NGC
NGC 4691	Galaxie	MCG 0-33-13	12,803722	-3,3325	11,1	0,045	0,041667	La Vierge	NGC
NGC 4694	Galaxie	UGC 7969	12,804139	10,983889	11,4	0,055	0,026667	La Vierge	NGC
NGC 4696	Galaxie	ESO 322-91	12,813639	-41,311667	10,4	0,078333	0,055	Le Centaure	NGC
NGC 4696-B	Galaxie	ESO 322-81	12,789361	-41,237222	11,6	0,02	0,011667	Le Centaure	NGC
NGC 4697	Galaxie	MCG -1-33-10	12,809944	-5,8	9,2	0,12	0,078333	La Vierge	NGC
NGC 4698	Galaxie	UGC 7970	12,806389	8,488333	10,6	0,066667	0,041667	La Vierge	NGC
NGC 4700	Galaxie	MCG -2-33-13	12,818833	-11,411667	11,9	0,053333	0,013333	La Vierge	NGC
NGC 4705	Galaxie	MCG -1-33-16	12,823583	-5,195278	11,7	0,051667	0,016667	La Vierge	NGC
NGC 4709	Galaxie	ESO 323-3	12,834417	-41,3825	10,9	0,038333	0,033333	Le Centaure	NGC
NGC 4710	Galaxie	UGC 7980	12,827417	15,164722	11	0,081667	0,02	La Chevelure de Bérénice	NGC
NGC 4713	Galaxie	UGC 7985	12,832667	5,311111	11,7	0,048333	0,03	La Vierge	NGC
NGC 4727	Galaxie	MCG -2-33-23	12,849222	-14,333056	11,8	0,026667	0,02	Le Corbeau	NGC
NGC 4731	Galaxie	MCG -1-33-26	12,850278	-6,3925	11,5	0,11	0,07	La Vierge	NGC
NGC 4733	Galaxie	UGC 7997	12,851861	10,911944	11,9	0,036667	0,036667	La Vierge	NGC
NGC 4742	Galaxie	MCG -2-33-32	12,863333	-10,454722	11,3	0,043333	0,025	La Vierge	NGC
NGC 4750	Galaxie	UGC 7994	12,835139	72,874444	11,2	0,035	0,031667	Le Dragon	NGC
NGC 4751	Galaxie	ESO 323-29	12,880722	-42,66	11,2	0,05	0,018333	Le Centaure	NGC
NGC 4753	Galaxie	UGC 8009	12,872806	-1,2	10	0,1	0,046667	La Vierge	NGC
NGC 4754	Galaxie	UGC 8010	12,871556	11,313889	10,6	0,073333	0,04	La Vierge	NGC
NGC 4755	Amas d’étoiles ouvert	Boîte à Bijoux – Amas Kappa Crucis – ESO 131-SC16	12,894167	-60,361667	4,2	0,166667	0,166667	La Croix du Sud	NGC
NGC 4760	Galaxie	MCG -2-33-41	12,885333	-10,494722	11,4	0,033333	0,03	La Vierge	NGC
NGC 4767	Galaxie	ESO 323-36	12,898028	-39,714444	11,5	0,043333	0,02	Le Centaure	NGC
NGC 4772	Galaxie	UGC 8021	12,891389	2,168611	11	0,056667	0,028333	La Vierge	NGC
NGC 4775	Galaxie	MCG -1-33-43	12,896083	-6,622778	11,1	0,036667	0,035	La Vierge	NGC
NGC 4781	Galaxie	MCG -2-33-49	12,906556	-10,536111	11,1	0,056667	0,023333	La Vierge	NGC
NGC 4782	Galaxie	MCG -2-33-50	12,909944	-12,569167	11,7	0,03	0,028333	Le Corbeau	NGC
NGC 4783	Galaxie	MCG -2-33-51	12,910111	-12,558056	11,6	0,038333	0,021667	Le Corbeau	NGC
NGC 4786	Galaxie	MCG -1-33-46	12,908972	-6,859167	11,7	0,026667	0,021667	La Vierge	NGC
NGC 4793	Galaxie	UGC 8033	12,911306	28,938056	11,6	0,048333	0,025	La Chevelure de Bérénice	NGC
NGC 4800	Galaxie	UGC 8035	12,9105	46,531389	11,6	0,026667	0,02	Les Chiens de Chasse	NGC
NGC 4802	Galaxie	MCG -2-33-61	12,930444	-12,054722	11,4	0,04	0,026667	Le Corbeau	NGC
NGC 4808	Galaxie	UGC 8054	12,93025	4,303611	11,7	0,046667	0,018333	La Vierge	NGC
NGC 4815	Amas d’étoiles ouvert	ESO 96-SC1	12,966194	-64,961667	8,6	0,083333	0,083333	La Mouche	NGC
NGC 4818	Galaxie	MCG -1-33-57	12,946917	-8,525	11,1	0,071667	0,025	La Vierge	NGC
NGC 4825	Galaxie	MCG -2-33-70	12,953389	-13,664444	11,7	0,033333	0,018333	La Vierge	NGC
NGC 4832	Galaxie	ESO 323-51	12,963167	-39,761944	11,1	0,03	0,02	Le Centaure	NGC
NGC 4833	Amas d’étoiles globulaire	ESO 65-SC4	12,993056	-70,874167	8,4	0,233333	0,233333	La Mouche	NGC
NGC 4835	Galaxie	ESO 269-19	12,968806	-46,265	11,6	0,066667	0,015	Le Centaure	NGC
NGC 4845	Galaxie	UGC 8078	12,966917	1,575556	11,2	0,081667	0,021667	La Vierge	NGC
NGC 4852	Amas d’étoiles ouvert	ESO 131-SC17	13,0025	-59,613333	8,9	0,2	0,2	Le Centaure	NGC
NGC 4856	Galaxie	MCG -2-33-78	12,989194	-15,042222	10,5	0,071667	0,02	La Vierge	NGC
NGC 4866	Galaxie	UGC 8102	12,990833	14,171389	11,2	0,106667	0,025	La Vierge	NGC
NGC 4872	Galaxie	UGC 8103	12,993278	27,959444	11,7	0,031667	0,031667	La Chevelure de Bérénice	NGC
NGC 4880	Galaxie	UGC 8109	13,002917	12,483333	11,4	0,051667	0,041667	La Vierge	NGC
NGC 4884	Galaxie	UGC 8110	13,002306	27,976389	11,5	0,046667	0,033333	La Chevelure de Bérénice	NGC
NGC 4897	Galaxie	MCG -2-33-89	13,014694	-13,448889	11,8	0,045	0,038333	La Vierge	NGC
NGC 4899	Galaxie	MCG -2-33-90	13,015694	-13,945278	11,9	0,043333	0,023333	La Vierge	NGC
NGC 4900	Galaxie	UGC 8116	13,010833	2,501111	11,4	0,036667	0,035	La Vierge	NGC
NGC 4902	Galaxie	MCG -2-33-92	13,016556	-14,513889	10,9	0,048333	0,043333	La Vierge	NGC
NGC 4904	Galaxie	UGC 8121	13,01625	0,026944	12	0,036667	0,025	La Vierge	NGC
NGC 4914	Galaxie	UGC 8125	13,011917	37,314722	11,6	0,058333	0,035	Les Chiens de Chasse	NGC
NGC 4930	Galaxie	ESO 323-74	13,068083	-41,411389	11,1	0,073333	0,06	Le Centaure	NGC
NGC 4933	Galaxie	Arp 176 – IC 4176	13,06575	-11,4975	11,7	0,033333	0,018333	La Vierge	NGC
NGC 4936	Galaxie	ESO 443-47	13,071389	-30,526667	10,7	0,045	0,038333	Le Centaure	NGC
NGC 4939	Galaxie	MCG -2-33-104	13,070639	-10,34	11,3	0,091667	0,046667	La Vierge	NGC
NGC 4941	Galaxie	MCG -1-33-77	13,070278	-5,551389	11,1	0,065	0,045	La Vierge	NGC
NGC 4945	Galaxie	ESO 219-24	13,090583	-49,462778	8,4	0,33	0,066667	Le Centaure	NGC
NGC 4947	Galaxie	IC 3974 – ESO 382-5	13,088944	-35,336944	11,9	0,04	0,02	Le Centaure	NGC
NGC 4951	Galaxie	MCG -1-33-81	13,085417	-6,494167	11,9	0,063333	0,026667	La Vierge	NGC
NGC 4958	Galaxie	MCG -1-33-84	13,096917	-8,02	10,7	0,065	0,023333	La Vierge	NGC
NGC 4976	Galaxie	ESO 219-29	13,143722	-49,505833	10	0,093333	0,05	Le Centaure	NGC
NGC 4981	Galaxie	MCG -1-34-3	13,146861	-6,7775	11,3	0,046667	0,031667	La Vierge	NGC
NGC 4984	Galaxie	MCG -2-34-4	13,149194	-15,515833	11,3	0,06	0,041667	La Vierge	NGC
NGC 4995	Galaxie	MCG -1-34-7	13,161278	-7,833056	11,1	0,04	0,028333	La Vierge	NGC
NGC 4999	Galaxie	UGC 8236	13,159222	1,6725	11,8	0,038333	0,031667	La Vierge	NGC
NGC 5011	Galaxie	ESO 269-65	13,214333	-43,096667	11,4	0,041667	0,035	Le Centaure	NGC
NGC 5018	Galaxie	ESO 576-10	13,216917	-19,519444	10,8	0,056667	0,043333	La Vierge	NGC
NGC 5020	Galaxie	UGC 8289	13,211056	12,599722	11,7	0,051667	0,045	La Vierge	NGC
NGC 5026	Galaxie	ESO 269-73	13,237056	-42,961389	11,3	0,055	0,035	Le Centaure	NGC
NGC 5042	Galaxie	ESO 508-31	13,258556	-23,983889	11,8	0,07	0,036667	L’Hydre	NGC
NGC 5044	Galaxie	MCG -3-34-34	13,256639	-16,384444	10,8	0,05	0,05	La Vierge	NGC
NGC 5053	Amas d’étoiles globulaire	GCL 23	13,274167	17,698611	9	0,166667	0,166667	La Chevelure de Bérénice	NGC
NGC 5054	Galaxie	MCG -3-34-39	13,282861	-16,634722	10,9	0,085	0,046667	La Vierge	NGC
NGC 5061	Galaxie	ESO 508-38	13,301444	-26,837222	10,4	0,058333	0,05	L’Hydre	NGC
NGC 5064	Galaxie	ESO 220-2	13,316667	-47,909722	11,8	0,031667	0,015	Le Centaure	NGC
NGC 5068	Galaxie	ESO 576-29	13,315139	-21,038056	10	0,121667	0,106667	La Vierge	NGC
NGC 5077	Galaxie	MCG -2-34-27	13,325444	-12,656667	11,4	0,036667	0,026667	La Vierge	NGC
NGC 5078	Galaxie	ESO 508-48	13,3305	-27,409722	11	0,066667	0,031667	L’Hydre	NGC
NGC 5079	Galaxie	MCG -2-34-30	13,327194	-12,699722	12	0,025	0,013333	La Vierge	NGC
NGC 5084	Galaxie	ESO 576-33	13,337972	-21,8275	10,5	0,155	0,028333	La Vierge	NGC
NGC 5085	Galaxie	ESO 508-50	13,338194	-24,440278	11,7	0,058333	0,05	L’Hydre	NGC
NGC 5087	Galaxie	ESO 576-35	13,34025	-20,610833	11,4	0,045	0,036667	La Vierge	NGC
NGC 5090	Galaxie	ESO 270-2	13,353528	-43,705	11,5	0,045	0,036667	Le Centaure	NGC
NGC 5101	Galaxie	ESO 508-58	13,362778	-27,430833	10,7	0,09	0,076667	L’Hydre	NGC
NGC 5102	Galaxie	ESO 382-50	13,365833	-36,631667	9,6	0,143333	0,045	Le Centaure	NGC
NGC 5105	Galaxie	MCG -2-34-39	13,363611	-13,207222	11,8	0,033333	0,025	La Vierge	NGC
NGC 5121	Galaxie	ESO 382-57	13,412611	-37,6825	10,6	0,031667	0,025	Le Centaure	NGC
NGC 5127	Galaxie	UGC 8419	13,395889	31,565278	11,9	0,046667	0,036667	Les Chiens de Chasse	NGC
NGC 5134	Galaxie	ESO 576-52	13,421806	-21,134722	11,3	0,046667	0,028333	La Vierge	NGC
NGC 5138	Amas d’étoiles ouvert	ESO 132-SC7	13,454444	-59,041667	7,6	0,133333	0,133333	Le Centaure	NGC
NGC 5140	Galaxie	ESO 382-65	13,439361	-33,868611	11,8	0,035	0,028333	Le Centaure	NGC
NGC 5147	Galaxie	UGC 8443	13,438778	2,100278	11,8	0,031667	0,026667	La Vierge	NGC
NGC 5150	Galaxie	ESO 444-43	13,460111	-29,5625	11,8	0,021667	0,016667	L’Hydre	NGC
NGC 5153	Galaxie	ESO 444-45	13,465083	-29,617778	11,8	0,033333	0,023333	L’Hydre	NGC
NGC 5156	Galaxie	ESO 220-13	13,478944	-48,916667	11,7	0,041667	0,033333	Le Centaure	NGC
NGC 5161	Galaxie	ESO 383-4	13,487139	-33,174444	11,2	0,093333	0,038333	Le Centaure	NGC
NGC 5168	Amas d’étoiles ouvert	ESO 132-SC10	13,518667	-60,939167	9,1	0,066667	0,066667	Le Centaure	NGC
NGC 5170	Galaxie	ESO 576-65	13,496889	-17,965278	11,1	0,136667	0,016667	La Vierge	NGC
NGC 5172	Galaxie	UGC 8477	13,488611	17,051667	11,9	0,056667	0,03	La Chevelure de Bérénice	NGC
NGC 5193	Galaxie	ESO 383-15	13,531528	-33,234722	11,6	0,025	0,025	Le Centaure	NGC
NGC 5195	Galaxie	Compagnon de la Galaxie du Tourbillon (M 51) – Arp 85 – UGC 8494	13,499778	47,2675	9,6	0,098333	0,076667	Les Chiens de Chasse	NGC
NGC 5198	Galaxie	UGC 8499	13,503167	46,670833	11,8	0,033333	0,028333	Les Chiens de Chasse	NGC
NGC 5204	Galaxie	UGC 8490	13,493361	58,418333	11,3	0,083333	0,05	La Grande Ourse	NGC
NGC 5206	Galaxie	ESO 220-18	13,562167	-48,151944	10,9	0,063333	0,055	Le Centaure	NGC
NGC 5220	Galaxie	ESO 383-36	13,599083	-33,454444	12	0,04	0,011667	Le Centaure	NGC
NGC 5247	Galaxie	ESO 577-14	13,634139	-17,884722	10	0,09	0,081667	La Vierge	NGC
NGC 5248	Galaxie	UGC 8616	13,625556	8,886111	10,3	0,103333	0,075	Le Bouvier	NGC
NGC 5253	Galaxie	ESO 445-4	13,6655	-31,641667	10,4	0,083333	0,031667	Le Centaure	NGC
NGC 5254	Galaxie	MCG -2-35-12	13,660556	-11,494167	12	0,053333	0,025	La Vierge	NGC
NGC 5264	Galaxie	ESO 445-12 – DDO 242	13,6935	-29,911944	12	0,043333	0,025	L’Hydre	NGC
NGC 5266	Galaxie	ESO 220-33	13,717167	-48,169167	11,1	0,055	0,038333	Le Centaure	NGC
NGC 5266-A	Galaxie	ESO 220-30	13,676944	-48,342222	12	0,051667	0,041667	Le Centaure	NGC
NGC 5273	Galaxie	IC 895 – UGC 8675	13,702306	35,653889	11,6	0,046667	0,041667	Les Chiens de Chasse	NGC
NGC 5281	Amas d’étoiles ouvert	ESO 97-SC5	13,776861	-62,909444	5,9	0,133333	0,133333	Le Centaure	NGC
NGC 5286	Amas d’étoiles globulaire	ESO 220-SC38	13,774028	-51,372778	7,4	0,183333	0,183333	Le Centaure	NGC
NGC 5288	Amas d’étoiles ouvert	ESO 97-SC7	13,812667	-64,686389	11,8	0,05	0,05	Le Compas	NGC
NGC 5292	Galaxie	ESO 445-31	13,794444	-30,939444	11,8	0,03	0,026667	Le Centaure	NGC
NGC 5297	Galaxie	UGC 8709	13,773167	43,8725	11,8	0,093333	0,021667	Les Chiens de Chasse	NGC
NGC 5300	Galaxie	UGC 8727	13,804417	3,950556	11,4	0,063333	0,04	La Vierge	NGC
NGC 5307	Nébuleuse planétaire	ESO 221-PN11 – PK 312+10.1	13,850917	-51,205278	11,2	0,005	0,005	Le Centaure	NGC
NGC 5308	Galaxie	UGC 8722	13,783333	60,972778	11,4	0,061667	0,011667	La Grande Ourse	NGC
NGC 5313	Galaxie	UGC 8744	13,828972	39,985278	12	0,028333	0,016667	Les Chiens de Chasse	NGC
NGC 5315	Nébuleuse planétaire	ESO 97-PN9 – PK 309-4.2	13,899194	-66,513333	9,8	0,003833	0,003833	Le Compas	NGC
NGC 5316	Amas d’étoiles ouvert	ESO 133-SC6	13,9	-61,85	6	0,25	0,25	Le Centaure	NGC
NGC 5317	Galaxie	UGC 8853	13,936639	5,015556	10,5	0,113333	0,073333	La Vierge	NGC
NGC 5322	Galaxie	UGC 8745	13,820806	60,190278	10,2	0,1	0,068333	La Grande Ourse	NGC
NGC 5324	Galaxie	MCG -1-35-16	13,868278	-6,058056	11,7	0,038333	0,035	La Vierge	NGC
NGC 5326	Galaxie	UGC 8764	13,847361	39,575278	11,9	0,036667	0,02	Les Chiens de Chasse	NGC
NGC 5328	Galaxie	ESO 445-67	13,8815	-28,489167	11,6	0,03	0,02	L’Hydre	NGC
NGC 5333	Galaxie	ESO 221-17	13,906694	-48,512778	10,7	0,031667	0,016667	Le Centaure	NGC
NGC 5334	Galaxie	IC 4338 – UGC 8790	13,881806	-1,113611	11,3	0,07	0,05	La Vierge	NGC
NGC 5350	Galaxie	HCG 68C – UGC 8810	13,889306	40,363889	11,3	0,053333	0,038333	Les Chiens de Chasse	NGC
NGC 5353	Galaxie	HCG 68A – UGC 8813	13,89075	40,283056	11	0,036667	0,018333	Les Chiens de Chasse	NGC
NGC 5354	Galaxie	HCG 68B – UGC 8814	13,89075	40,303056	11,4	0,023333	0,021667	Les Chiens de Chasse	NGC
NGC 5357	Galaxie	ESO 445-78	13,933167	-30,341667	12	0,026667	0,023333	Le Centaure	NGC
NGC 5363	Galaxie	UGC 8847	13,935306	5,253889	10,1	0,068333	0,043333	La Vierge	NGC
NGC 5365	Galaxie	ESO 271-8	13,964028	-43,931944	11,4	0,063333	0,035	Le Centaure	NGC
NGC 5371	Galaxie	UGC 8846	13,927778	40,462222	10,6	0,07	0,056667	Les Chiens de Chasse	NGC
NGC 5375	Galaxie	UGC 8865	13,948861	29,164167	11,5	0,055	0,046667	Les Chiens de Chasse	NGC
NGC 5377	Galaxie	UGC 8863	13,937972	47,235556	11,3	0,078333	0,04	Les Chiens de Chasse	NGC
NGC 5383	Galaxie	UGC 8875	13,951361	41,846111	11,4	0,053333	0,045	Les Chiens de Chasse	NGC
NGC 5389	Galaxie	UGC 8866	13,935111	59,741667	12	0,068333	0,018333	La Grande Ourse	NGC
NGC 5395	Galaxie	Arp 84 – UGC 8900	13,977194	37,425278	11,4	0,045	0,021667	Les Chiens de Chasse	NGC
NGC 5397	Galaxie	ESO 384-31	14,019583	-33,945556	11,6	0,023333	0,016667	Le Centaure	NGC
NGC 5408	Galaxie	ESO 325-47	14,055833	-41,378611	11,6	0,031667	0,016667	Le Centaure	NGC
NGC 5419	Galaxie	ESO 384-39	14,06075	-33,978333	10,8	0,068333	0,055	Le Centaure	NGC
NGC 5422	Galaxie	UGC 8935	14,011611	55,164722	11,9	0,065	0,011667	La Grande Ourse	NGC
NGC 5427	Galaxie	Arp 271	14,057222	-6,030833	11,4	0,048333	0,036667	La Vierge	NGC
NGC 5430	Galaxie	UGC 8937	14,012667	59,328889	12	0,038333	0,021667	La Grande Ourse	NGC
NGC 5444	Galaxie	UGC 8974	14,056694	35,1325	11,9	0,041667	0,033333	Les Chiens de Chasse	NGC
NGC 5448	Galaxie	UGC 8969	14,047333	49,1725	11	0,063333	0,033333	La Grande Ourse	NGC
NGC 5460	Amas d’étoiles ouvert	ESO 221-SC24	14,126667	-48,3	5,6	0,583333	0,583333	Le Centaure	NGC
NGC 5466	Amas d’étoiles globulaire	GCL 27	14,090917	28,535	9,2	0,15	0,15	Le Bouvier	NGC
NGC 5473	Galaxie	UGC 9011	14,07875	54,893333	11,5	0,036667	0,028333	La Grande Ourse	NGC
NGC 5474	Galaxie	UGC 9013	14,083722	53,662778	10,8	0,078333	0,078333	La Grande Ourse	NGC
NGC 5483	Galaxie	ESO 271-19	14,173611	-43,325	11,2	0,065	0,06	Le Centaure	NGC
NGC 5485	Galaxie	UGC 9033	14,119833	55,001389	11,4	0,038333	0,031667	La Grande Ourse	NGC
NGC 5488	Galaxie	IC 4375 – ESO 384-58	14,134139	-33,314722	11,7	0,056667	0,016667	Le Centaure	NGC
NGC 5493	Galaxie	MCG -1-36-13	14,1915	-5,043889	11,4	0,028333	0,025	La Vierge	NGC
NGC 5494	Galaxie	ESO 446-25	14,206583	-30,644722	11,8	0,038333	0,035	Le Centaure	NGC
NGC 5506	Galaxie	MCG 0-36-28	14,220778	-3,206944	11,9	0,045	0,013333	La Vierge	NGC
NGC 5516	Galaxie	ESO 221-34	14,265167	-48,114722	12	0,03	0,02	Le Centaure	NGC
NGC 5529	Galaxie	UGC 9127	14,259444	36,226944	11,9	0,1	0,011667	Le Bouvier	NGC
NGC 5530	Galaxie	ESO 272-3	14,307528	-43,386944	11,3	0,07	0,03	Le Loup	NGC
NGC 5532	Galaxie	UGC 9137	14,281361	10,8075	11,9	0,026667	0,026667	Le Bouvier	NGC
NGC 5533	Galaxie	UGC 9133	14,268722	35,343889	11,8	0,051667	0,031667	Le Bouvier	NGC
NGC 5556	Galaxie	ESO 446-50 – DDO 243	14,342778	-29,241389	11,8	0,068333	0,055	L’Hydre	NGC
NGC 5557	Galaxie	UGC 9161	14,307111	36,493611	11	0,04	0,031667	Le Bouvier	NGC
NGC 5566	Galaxie	Arp 286 – UGC 9175	14,338889	3,933056	10,6	0,11	0,038333	La Vierge	NGC
NGC 5576	Galaxie	UGC 9183	14,351028	3,271389	11	0,063333	0,045	La Vierge	NGC
NGC 5582	Galaxie	UGC 9188	14,345333	39,693889	11,6	0,046667	0,028333	Le Bouvier	NGC
NGC 5584	Galaxie	UGC 9201	14,373278	0,388056	11,4	0,056667	0,045	La Vierge	NGC
NGC 5585	Galaxie	UGC 9179	14,329917	56,728889	10,7	0,096667	0,06	La Grande Ourse	NGC
NGC 5595	Galaxie	MCG -3-37-1	14,403694	-16,7225	12	0,04	0,021667	La Balance	NGC
NGC 5597	Galaxie	MCG -3-37-2	14,407611	-16,763333	12	0,035	0,031667	La Balance	NGC
NGC 5606	Amas d’étoiles ouvert	ESO 134-SC3	14,463111	-59,632222	7,7	0,05	0,05	Le Centaure	NGC
NGC 5614	Galaxie	Arp 178 – UGC 9226	14,402028	34,859167	11,7	0,04	0,033333	Le Bouvier	NGC
NGC 5617	Amas d’étoiles ouvert	ESO 134-SC4	14,495556	-60,710833	6,3	0,166667	0,166667	Le Centaure	NGC
NGC 5631	Galaxie	UGC 9261	14,442583	56,583056	11,5	0,028333	0,028333	La Grande Ourse	NGC
NGC 5632	Galaxie	UGC 9420	14,6315	0,398056	11,8	0,031667	0,023333	La Vierge	NGC
NGC 5634	Amas d’étoiles globulaire	GCL 28	14,493694	-5,975833	9,5	0,091667	0,091667	La Vierge	NGC
NGC 5638	Galaxie	UGC 9308	14,494556	3,233333	11,2	0,045	0,04	La Vierge	NGC
NGC 5643	Galaxie	ESO 272-16	14,544639	-44,174444	10	0,078333	0,07	Le Loup	NGC
NGC 5651	Galaxie	UGC 9451	14,669806	0,29	11,2	0,048333	0,041667	La Vierge	NGC
NGC 5656	Galaxie	UGC 9332	14,507056	35,321389	11,8	0,031667	0,025	Le Bouvier	NGC
NGC 5660	Galaxie	UGC 9325	14,496861	49,6225	11,9	0,045	0,043333	Le Bouvier	NGC
NGC 5662	Amas d’étoiles ouvert	ESO 175-SC10	14,591889	-56,662778	5,5	0,5	0,5	Le Centaure	NGC
NGC 5665	Galaxie	Arp 49 – UGC 9352	14,540444	8,079167	12	0,035	0,021667	Le Bouvier	NGC
NGC 5668	Galaxie	UGC 9363	14,556722	4,450556	11,5	0,05	0,05	La Vierge	NGC
NGC 5669	Galaxie	UGC 9353	14,545556	9,892222	11,3	0,066667	0,046667	Le Bouvier	NGC
NGC 5670	Galaxie	ESO 272-19	14,593361	-45,966667	12	0,025	0,011667	Le Loup	NGC
NGC 5676	Galaxie	UGC 9366	14,546222	49,456944	11,2	0,065	0,03	Le Bouvier	NGC
NGC 5678	Galaxie	UGC 9358	14,534861	57,923056	11,3	0,055	0,023333	Le Dragon	NGC
NGC 5687	Galaxie	UGC 9395	14,581167	54,476667	11,8	0,041667	0,031667	Le Bouvier	NGC
NGC 5688	Galaxie	ESO 272-22	14,65975	-45,018611	11,9	0,051667	0,031667	Le Loup	NGC
NGC 5689	Galaxie	UGC 9399	14,591556	48,741667	11,9	0,055	0,016667	Le Bouvier	NGC
NGC 5690	Galaxie	UGC 9416	14,628083	2,290556	11,8	0,056667	0,016667	La Vierge	NGC
NGC 5694	Amas d’étoiles globulaire	ESO 512-SC10	14,660139	-26,537778	10,2	0,071667	0,071667	L’Hydre	NGC
NGC 5701	Galaxie	UGC 9436	14,653083	5,363611	10,9	0,071667	0,068333	La Vierge	NGC
NGC 5715	Amas d’étoiles ouvert	ESO 176-SC2	14,7275	-57,570278	9,8	0,116667	0,116667	Le Compas	NGC
NGC 5728	Galaxie	MCG -3-37-5	14,706667	-17,252222	11,4	0,053333	0,031667	La Balance	NGC
NGC 5740	Galaxie	UGC 9493	14,740139	1,68	11,9	0,046667	0,025	La Vierge	NGC
NGC 5749	Amas d’étoiles ouvert	ESO 176-SC4	14,813556	-54,493611	8,8	0,166667	0,166667	Le Loup	NGC
NGC 5750	Galaxie	UGC 9512	14,769694	0,223333	11,6	0,053333	0,025	La Vierge	NGC
NGC 5757	Galaxie	ESO 580-33	14,796194	-19,077778	11,9	0,035	0,028333	La Balance	NGC
NGC 5775	Galaxie	UGC 9579	14,899278	3,545	11,4	0,066667	0,018333	La Vierge	NGC
NGC 5786	Galaxie	ESO 327-37	14,982333	-42,014444	11,5	0,038333	0,02	Le Centaure	NGC
NGC 5791	Galaxie	ESO 581-7	14,979444	-19,266944	11,7	0,041667	0,021667	La Balance	NGC
NGC 5792	Galaxie	UGC 9631	14,972944	-1,090278	11,3	0,113333	0,028333	La Balance	NGC
NGC 5796	Galaxie	MCG -3-38-39	14,99	-16,623611	11,6	0,041667	0,03	La Balance	NGC
NGC 5806	Galaxie	UGC 9645	15,000056	1,890833	11,7	0,053333	0,026667	La Vierge	NGC
NGC 5812	Galaxie	MCG -1-38-16	15,015472	-7,4575	11,2	0,038333	0,033333	La Balance	NGC
NGC 5813	Galaxie	UGC 9655	15,01975	1,701944	10,5	0,066667	0,046667	La Vierge	NGC
NGC 5822	Amas d’étoiles ouvert	ESO 176-SC9	15,067306	-54,339167	6,5	0,583333	0,583333	Le Loup	NGC
NGC 5823	Amas d’étoiles ouvert	ESO 176-SC11	15,091806	-55,603611	7,9	0,2	0,2	Le Compas	NGC
NGC 5824	Amas d’étoiles globulaire	ESO 387-SC1	15,06625	-33,067222	9,1	0,123333	0,123333	Le Loup	NGC
NGC 5831	Galaxie	UGC 9678	15,068556	1,22	11,5	0,035	0,031667	La Vierge	NGC
NGC 5833	Galaxie	ESO 42-3	15,198361	-72,858889	12	0,035	0,016667	L’Oiseau de paradis	NGC
NGC 5838	Galaxie	UGC 9692	15,090556	2,098889	10,9	0,07	0,025	La Vierge	NGC
NGC 5846	Galaxie	UGC 9706	15,108056	1,605278	10	0,066667	0,061667	La Vierge	NGC
NGC 5850	Galaxie	UGC 9715	15,11875	1,544167	10,8	0,075	0,065	La Vierge	NGC
NGC 5854	Galaxie	UGC 9726	15,129889	2,568611	11,9	0,045	0,013333	La Vierge	NGC
NGC 5861	Galaxie	MCG -2-39-3	15,1545	-11,322222	11,6	0,05	0,028333	La Balance	NGC
NGC 5864	Galaxie	UGC 9740	15,159306	3,053333	11,8	0,046667	0,015	La Vierge	NGC
NGC 5869	Galaxie	UGC 9742	15,163722	0,470278	11,9	0,038333	0,026667	La Vierge	NGC
NGC 5873	Nébuleuse planétaire	ESO 328-PN34 – PK 331+16.1	15,214083	-38,125278	11	0,003667	0,003667	Le Loup	NGC
NGC 5878	Galaxie	MCG -2-39-6	15,229361	-14,270278	11,5	0,058333	0,023333	La Balance	NGC
NGC 5879	Galaxie	UGC 9753	15,163	57,000556	11,6	0,07	0,021667	Le Dragon	NGC
NGC 5882	Nébuleuse planétaire	IC 1108 – ESO 274-PN7	15,280556	-45,648889	9,4	0,0055	0,0055	Le Loup	NGC
NGC 5885	Galaxie	MCG -2-39-13	15,251167	-10,085833	11,8	0,058333	0,051667	La Balance	NGC
NGC 5892	Galaxie	MCG -2-39-7	15,230028	-15,464167	11,7	0,06	0,048333	La Balance	NGC
NGC 5897	Amas d’étoiles globulaire	ESO 582-SC2	15,290139	-21,009722	8,4	0,183333	0,183333	La Balance	NGC
NGC 5898	Galaxie	ESO 514-2	15,303778	-24,0975	11,4	0,045	0,043333	La Balance	NGC
NGC 5899	Galaxie	UGC 9789	15,250917	42,049722	11,7	0,055	0,023333	Le Bouvier	NGC
NGC 5903	Galaxie	ESO 514-4	15,310139	-24,068333	11,2	0,045	0,035	La Balance	NGC
NGC 5905	Galaxie	UGC 9797	15,256472	55,517778	11,7	0,066667	0,043333	Le Dragon	NGC
NGC 5907	Galaxie	UGC 9801	15,264944	56,330278	10,3	0,21	0,023333	Le Dragon	NGC
NGC 5908	Galaxie	UGC 9805	15,278639	55,409444	11,8	0,055	0,023333	Le Dragon	NGC
NGC 5921	Galaxie	UGC 9824	15,365639	5,070278	10,8	0,08	0,066667	Le Serpent	NGC
NGC 5925	Amas d’étoiles ouvert	ESO 177-SC6	15,457222	-54,528333	8,4	0,333333	0,333333	La Règle	NGC
NGC 5927	Amas d’étoiles globulaire	ESO 224-SC4	15,466806	-50,672222	8	0,1	0,1	Le Loup	NGC
NGC 5938	Galaxie	ESO 99-7	15,60725	-66,859167	11,8	0,046667	0,041667	Le Triangle austral	NGC
NGC 5946	Amas d’étoiles globulaire	IC 4550 – ESO 224-SC7	15,59125	-50,658889	8,4	0,05	0,05	La Règle	NGC
NGC 5949	Galaxie	UGC 9866	15,466861	64,763056	12	0,036667	0,016667	Le Dragon	NGC
NGC 5957	Galaxie	UGC 9915	15,58975	12,047778	11,7	0,046667	0,043333	Le Serpent	NGC
NGC 5962	Galaxie	UGC 9926	15,608778	16,607778	11,3	0,05	0,036667	Le Serpent	NGC
NGC 5964	Galaxie	IC 4551 – UGC 9935	15,626722	5,973611	11,9	0,068333	0,055	Le Serpent	NGC
NGC 5967	Galaxie	ESO 42-10	15,804444	-75,673056	12	0,045	0,028333	L’Oiseau de paradis	NGC
NGC 5970	Galaxie	UGC 9943	15,641667	12,186389	11,5	0,05	0,033333	Le Serpent	NGC
NGC 5979	Nébuleuse planétaire	ESO 136-PN3 – PK 322-5.1	15,79475	-61,217222	11,5	0,005	0,005	Le Triangle austral	NGC
NGC 5982	Galaxie	UGC 9961	15,644444	59,356111	11,1	0,043333	0,031667	Le Dragon	NGC
NGC 5985	Galaxie	UGC 9969	15,660306	59,331944	11,1	0,091667	0,05	Le Dragon	NGC
NGC 5986	Amas d’étoiles globulaire	ESO 329-SC18	15,767639	-37,785556	7,6	0,16	0,16	Le Loup	NGC
NGC 5987	Galaxie	UGC 9971	15,665806	58,079722	11,7	0,07	0,021667	Le Dragon	NGC
NGC 5999	Amas d’étoiles ouvert	ESO 178-SC1	15,869028	-56,472778	9	0,05	0,05	La Règle	NGC
NGC 6000	Galaxie	ESO 450-20	15,830389	-29,386944	11,9	0,031667	0,026667	Le Scorpion	NGC
NGC 6005	Amas d’étoiles ouvert	ESO 178-SC3	15,929833	-57,443611	10,7	0,083333	0,083333	La Règle	NGC
NGC 6012	Galaxie	UGC 10083	15,903778	14,602222	12	0,035	0,025	Le Serpent	NGC
NGC 6015	Galaxie	UGC 10075	15,857056	62,308611	11,1	0,09	0,035	Le Dragon	NGC
NGC 6025	Amas d’étoiles ouvert	ESO 136-SC14	16,054917	-60,431389	5,1	0,25	0,25	Le Triangle austral	NGC
NGC 6031	Amas d’étoiles ouvert	ESO 178-SC9	16,126222	-54,016667	8,5	0,05	0,05	La Règle	NGC
NGC 6067	Amas d’étoiles ouvert	ESO 178-SC12	16,219694	-54,218889	5,6	0,25	0,25	La Règle	NGC
NGC 6070	Galaxie	UGC 10230	16,166278	0,71	11,8	0,06	0,03	Le Serpent	NGC
NGC 6072	Nébuleuse planétaire	ESO 389-PN15 – PK 342+10.1	16,216167	-36,229444	11,7	0,027167	0,027167	Le Scorpion	NGC
NGC 6087	Amas d’étoiles ouvert	ESO 137-SC15	16,314389	-57,899722	5,4	0,25	0,25	La Règle	NGC
NGC 6101	Amas d’étoiles globulaire	ESO 69-SC4	16,430167	-72,201111	9,2	0,083333	0,083333	L’Oiseau de paradis	NGC
NGC 6115	Amas d’étoiles ouvert	ESO 226-SC7	16,407444	-51,953333	9,8	0,056667	0,056667	La Règle	NGC
NGC 6118	Galaxie	UGC 10350	16,363528	-2,283611	11,7	0,078333	0,031667	Le Serpent	NGC
NGC 6124	Amas d’étoiles ouvert	ESO 331-SC3	16,421444	-40,666944	5,8	0,666667	0,666667	Le Scorpion	NGC
NGC 6125	Galaxie	UGC 10345	16,319778	57,984722	12	0,023333	0,023333	Le Dragon	NGC
NGC 6134	Amas d’étoiles ouvert	ESO 226-SC9	16,462111	-49,164167	7,2	0,1	0,1	La Règle	NGC
NGC 6139	Amas d’étoiles globulaire	ESO 331-SC4	16,461222	-38,848333	9,1	0,136667	0,136667	Le Scorpion	NGC
NGC 6140	Galaxie	UGC 10359	16,349167	65,39	11,3	0,105	0,076667	Le Dragon	NGC
NGC 6144	Amas d’étoiles globulaire	IC 4606 – ESO 517-SC6	16,453917	-26,024167	9	0,123333	0,123333	Le Scorpion	NGC
NGC 6152	Amas d’étoiles ouvert	ESO 179-SC9	16,545833	-52,643333	8,1	0,416667	0,416667	La Règle	NGC
NGC 6153	Nébuleuse planétaire	ESO 331-PN6 – PK 341+5.1	16,525167	-40,253056	10,9	0,006667	0,006667	Le Scorpion	NGC
NGC 6156	Galaxie	ESO 137-33	16,581278	-60,619167	11,5	0,026667	0,023333	Le Triangle austral	NGC
NGC 6166	Galaxie	UGC 10409	16,477361	39,551389	11,8	0,031667	0,023333	Hercule	NGC
NGC 6167	Amas d’étoiles ouvert	ESO 226-SC16	16,576361	-49,771944	6,7	0,116667	0,116667	La Règle	NGC
NGC 6169	Amas d’étoiles ouvert	ESO 276-SC5	16,568056	-44,045278	6,6	0,2	0,2	La Règle	NGC
NGC 6178	Amas d’étoiles ouvert	ESO 276-SC6	16,597444	-45,646667	7,2	0,083333	0,083333	Le Scorpion	NGC
NGC 6181	Galaxie	UGC 10439	16,539083	19,825556	11,9	0,041667	0,018333	Hercule	NGC
NGC 6192	Amas d’étoiles ouvert	ESO 277-SC3	16,672444	-43,365278	8,5	0,15	0,15	Le Scorpion	NGC
NGC 6193	Amas d’étoiles ouvert	Dans NGC 6188 – ESO 226-SC20	16,688972	-48,763333	5,2	0,233333	0,233333	L’Autel	NGC
NGC 6200	Amas d’étoiles ouvert	ESO 277-SC8	16,735722	-47,469722	7,4	0,25	0,25	L’Autel	NGC
NGC 6204	Amas d’étoiles ouvert	ESO 277-SC10	16,768861	-47,012222	8,2	0,1	0,1	L’Autel	NGC
NGC 6208	Amas d’étoiles ouvert	ESO 179-SC14	16,823833	-53,705	7,2	0,3	0,3	L’Autel	NGC
NGC 6209	Galaxie	ESO 43-8	16,916028	-72,586667	11,8	0,033333	0,026667	L’Oiseau de paradis	NGC
NGC 6215	Galaxie	ESO 137-46	16,851944	-58,993056	11,5	0,036667	0,033333	L’Autel	NGC
NGC 6216	Amas d’étoiles ouvert	ESO 277-SC14	16,823194	-44,731389	10,1	0,066667	0,066667	Le Scorpion	NGC
NGC 6217	Galaxie	Arp 185 – UGC 10470	16,544083	78,199167	11,2	0,05	0,041667	La Petite Ourse	NGC
NGC 6221	Galaxie	ESO 138-3	16,879472	-59,218333	9,9	0,058333	0,041667	L’Autel	NGC
NGC 6222	Amas d’étoiles ouvert	ESO 277-SC22	17,012583	-44,655	8	0,25	0,25	Le Scorpion	NGC
NGC 6223	Galaxie	UGC 10527	16,717833	61,578611	11,7	0,058333	0,043333	Le Dragon	NGC
NGC 6229	Amas d’étoiles globulaire	GCL 47	16,783028	47,528333	9,4	0,075	0,075	Hercule	NGC
NGC 6231	Amas d’étoiles ouvert	ESO 332-SC6	16,902722	-41,825	2,6	0,233333	0,233333	Le Scorpion	NGC
NGC 6235	Amas d’étoiles globulaire	ESO 586-SC5	16,890389	-22,176667	8,9	0,083333	0,083333	Ophiuchus	NGC
NGC 6236	Galaxie	UGC 10546	16,742861	70,78	11,9	0,048333	0,026667	Le Dragon	NGC
NGC 6242	Amas d’étoiles ouvert	ESO 332-SC10	16,925167	-39,466944	6,4	0,15	0,15	Le Scorpion	NGC
NGC 6249	Amas d’étoiles ouvert	ESO 277-SC19	16,961583	-44,804722	8,2	0,1	0,1	Le Scorpion	NGC
NGC 6250	Amas d’étoiles ouvert	ESO 277-SC20	16,965556	-45,936667	5,9	0,266667	0,266667	L’Autel	NGC
NGC 6253	Amas d’étoiles ouvert	ESO 180-SC2	16,985028	-52,715833	10,2	0,066667	0,066667	L’Autel	NGC
NGC 6256	Amas d’étoiles globulaire	ESO 391-SC6	16,992389	-37,120833	11,3	0,068333	0,068333	Le Scorpion	NGC
NGC 6268	Amas d’étoiles ouvert	ESO 332-SC17	17,034472	-39,721111	9,5	0,1	0,1	Le Scorpion	NGC
NGC 6281	Amas d’étoiles ouvert	ESO 332-SC19	17,079778	-37,887778	5,4	0,133333	0,133333	Le Scorpion	NGC
NGC 6284	Amas d’étoiles globulaire	ESO 518-SC9	17,074667	-24,764167	8,9	0,103333	0,103333	Ophiuchus	NGC
NGC 6287	Amas d’étoiles globulaire	ESO 518-SC10	17,085944	-22,7075	9,3	0,08	0,08	Ophiuchus	NGC
NGC 6293	Amas d’étoiles globulaire	ESO 519-SC5	17,169556	-26,581111	8,3	0,136667	0,136667	Ophiuchus	NGC
NGC 6300	Galaxie	ESO 101-25	17,28325	-62,820278	10,2	0,071667	0,046667	L’Autel	NGC
NGC 6304	Amas d’étoiles globulaire	ESO 454-SC2	17,242361	-29,461667	8,3	0,133333	0,133333	Ophiuchus	NGC
NGC 6309	Nébuleuse planétaire	Nébuleuse de la Boîte – PK 9+14.1	17,234528	-12,910278	11,5	0,005333	0,005333	Ophiuchus	NGC
NGC 6316	Amas d’étoiles globulaire	ESO 454-SC4	17,277056	-28,139444	8,1	0,09	0,09	Ophiuchus	NGC
NGC 6318	Amas d’étoiles ouvert	ESO 333-SC1	17,270389	-39,423889	11,8	0,083333	0,083333	Le Scorpion	NGC
NGC 6322	Amas d’étoiles ouvert	ESO 278-SC6	17,307139	-42,933889	6	0,083333	0,083333	Le Scorpion	NGC
NGC 6325	Amas d’étoiles globulaire	ESO 519-SC11	17,299778	-23,765278	10,2	0,068333	0,068333	Ophiuchus	NGC
NGC 6340	Galaxie	UGC 10762	17,173306	72,304722	11	0,05	0,046667	Le Dragon	NGC
NGC 6342	Amas d’étoiles globulaire	ESO 587-SC6	17,352833	-19,586667	9,5	0,073333	0,073333	Ophiuchus	NGC
NGC 6352	Amas d’étoiles globulaire	ESO 228-SC3	17,424778	-48,422222	7,8	0,15	0,15	L’Autel	NGC
NGC 6355	Amas d’étoiles globulaire	ESO 519-SC15	17,399611	-26,353056	8,6	0,07	0,07	Ophiuchus	NGC
NGC 6356	Amas d’étoiles globulaire	ESO 588-SC1	17,393056	-17,8125	8,2	0,166667	0,166667	Ophiuchus	NGC
NGC 6362	Amas d’étoiles globulaire	ESO 102-SC8	17,531889	-67,0475	8,1	0,25	0,25	L’Autel	NGC
NGC 6366	Amas d’étoiles globulaire	GCL 65	17,462306	-5,076111	9,5	0,216667	0,216667	Ophiuchus	NGC
NGC 6374	Amas d’étoiles ouvert	ESO 393-SC7	17,578389	-32,581667	5,5	0,333333	0,333333	Le Scorpion	NGC
NGC 6380	Amas d’étoiles globulaire	ESO 333-SC14	17,574444	-39,068611	11,5	0,06	0,06	Le Scorpion	NGC
NGC 6384	Galaxie	UGC 10891	17,540056	7,060833	10,4	0,103333	0,068333	Ophiuchus	NGC
NGC 6388	Amas d’étoiles globulaire	ESO 279-SC2	17,604722	-44,734444	6,8	0,173333	0,173333	Le Scorpion	NGC
NGC 6392	Galaxie	ESO 70-12	17,725167	-69,784444	11,6	0,021667	0,021667	L’Oiseau de paradis	NGC
NGC 6396	Amas d’étoiles ouvert	ESO 393-SC10	17,626722	-35,025833	8,5	0,05	0,05	Le Scorpion	NGC
NGC 6397	Amas d’étoiles globulaire	ESO 181-SC4	17,678139	-53,673056	5,3	0,516667	0,516667	L’Autel	NGC
NGC 6400	Amas d’étoiles ouvert	ESO 393-SC14	17,67	-36,961667	8,8	0,2	0,2	Le Scorpion	NGC
NGC 6401	Amas d’étoiles globulaire	ESO 520-SC11	17,643583	-23,908333	7,4	0,08	0,08	Ophiuchus	NGC
NGC 6404	Amas d’étoiles ouvert	ESO 393-SC13	17,660361	-33,246667	10,6	0,1	0,1	Le Scorpion	NGC
NGC 6407	Galaxie	ESO 139-22	17,749389	-60,739722	11,5	0,035	0,026667	Le Paon	NGC
NGC 6411	Galaxie	UGC 10916	17,592389	60,813056	11,9	0,033333	0,021667	Le Dragon	NGC
NGC 6412	Galaxie	Arp 38 – UGC 10897	17,493583	75,704722	11,8	0,041667	0,04	Le Dragon	NGC
NGC 6416	Amas d’étoiles ouvert	ESO 455-SC32	17,738861	-32,361111	5,7	0,25	0,25	Le Scorpion	NGC
NGC 6425	Amas d’étoiles ouvert	ESO 455-SC38	17,783333	-31,53	7,2	0,166667	0,166667	Le Scorpion	NGC
NGC 6426	Amas d’étoiles globulaire	GCL 76	17,748528	3,170833	10,9	0,07	0,07	Ophiuchus	NGC
NGC 6438	Galaxie	ESO 10-1	18,371083	-85,401667	11,7	0,026667	0,023333	L’Octant	NGC
NGC 6438-A	Nébuleuse par réflexion	ESO 10-2	18,375833	-85,406111	11,6	0,045	0,016667	L’Octant	NGC
NGC 6440	Amas d’étoiles globulaire	ESO 589-SC8	17,814611	-20,358889	9,3	0,073333	0,073333	Le Sagittaire	NGC
NGC 6441	Amas d’étoiles globulaire	ESO 393-SC34	17,836917	-37,050556	7,2	0,16	0,16	Le Scorpion	NGC
NGC 6451	Amas d’étoiles ouvert	ESO 455-SC50	17,844583	-30,211667	8,2	0,133333	0,133333	Le Scorpion	NGC
NGC 6453	Amas d’étoiles globulaire	ESO 393-SC36	17,847722	-34,598056	10,2	0,126667	0,126667	Le Scorpion	NGC
NGC 6469	Amas d’étoiles ouvert	ESO 589-SC18	17,882361	-22,311944	8,2	0,133333	0,133333	Le Sagittaire	NGC
NGC 6482	Galaxie	UGC 11009	17,863528	23,072778	11,5	0,035	0,03	Hercule	NGC
NGC 6483	Galaxie	ESO 102-20	17,991806	-63,668611	11,9	0,026667	0,015	Le Paon	NGC
NGC 6487	Galaxie	UGC 11022	17,87825	29,838611	11,9	0,03	0,03	Hercule	NGC
NGC 6492	Galaxie	ESO 102-22	18,04675	-66,430556	11,5	0,041667	0,02	Le Paon	NGC
NGC 6496	Amas d’étoiles globulaire	ESO 279-SC13	17,983889	-44,264444	8,6	0,093333	0,093333	Le Scorpion	NGC
NGC 6501	Galaxie	UGC 11049	17,934361	18,373611	12	0,03	0,026667	Hercule	NGC
NGC 6517	Amas d’étoiles globulaire	GCL 81	18,030722	-8,958333	10,1	0,066667	0,066667	Ophiuchus	NGC
NGC 6522	Amas d’étoiles globulaire	ESO 456-SC43	18,059472	-30,033333	9,9	0,156667	0,156667	Le Sagittaire	NGC
NGC 6528	Amas d’étoiles globulaire	ESO 456-SC48	18,080444	-30,055278	9,6	0,083333	0,083333	Le Sagittaire	NGC
NGC 6530	Amas associé à une nébulosité	Dans la Nébuleuse de la Lagune (M 8) – ESO 521-SC21	18,075	-24,358333	4,6	0,25	0,25	Le Sagittaire	NGC
NGC 6535	Amas d’étoiles globulaire	GCL 83	18,064083	0,296389	9,3	0,056667	0,056667	Le Serpent	NGC
NGC 6537	Nébuleuse planétaire	ESO 590-PN1 – PK 10+0.1	18,086944	-19,842222	11,6	0,002833	0,002833	Le Sagittaire	NGC
NGC 6539	Amas d’étoiles globulaire	GCL 85	18,0805	-7,585278	8,9	0,131667	0,131667	Le Serpent	NGC
NGC 6540	Amas d’étoiles globulaire	ESO 456-SC53	18,102389	-27,764722	9,3	0,025	0,025	Le Sagittaire	NGC
NGC 6541	Amas d’étoiles globulaire	ESO 280-SC4	18,133944	-43,711111	6,3	0,25	0,25	La Couronne australe	NGC
NGC 6544	Amas d’étoiles globulaire	ESO 521-SC28	18,122389	-24,996944	7,5	0,153333	0,153333	Le Sagittaire	NGC
NGC 6546	Amas d’étoiles ouvert	ESO 521-SC29	18,122778	-23,296667	8	0,25	0,25	Le Sagittaire	NGC
NGC 6548	Galaxie	UGC 11115	18,099778	18,587222	11,7	0,048333	0,046667	Hercule	NGC
NGC 6553	Amas d’étoiles globulaire	ESO 521-SC36	18,154333	-25,907222	8,3	0,153333	0,153333	Le Sagittaire	NGC
NGC 6558	Amas d’étoiles globulaire	ESO 456-SC62	18,171778	-31,763056	8,6	0,07	0,07	Le Sagittaire	NGC
NGC 6563	Nébuleuse planétaire	ESO 394-PN33 – PK 358-7.1	18,200722	-33,867778	11	0,013333	0,013333	Le Sagittaire	NGC
NGC 6565	Nébuleuse planétaire	ESO 456-PN70 – PK 3-4.5	18,197917	-28,178056	11,6	0,003833	0,003833	Le Sagittaire	NGC
NGC 6567	Nébuleuse planétaire	ESO 590-PN8 – PK 11-0.2	18,229194	-19,075556	11	0,003333	0,003333	Le Sagittaire	NGC
NGC 6568	Amas d’étoiles ouvert	ESO 590-SC6	18,212222	-21,583333	8,6	0,2	0,2	Le Sagittaire	NGC
NGC 6569	Amas d’étoiles globulaire	ESO 456-SC77	18,227472	-31,825833	8,4	0,106667	0,106667	Le Sagittaire	NGC
NGC 6574	Galaxie	UGC 11144	18,197556	14,981667	12	0,025	0,018333	Hercule	NGC
NGC 6583	Amas d’étoiles ouvert	ESO 590-SC11	18,263556	-22,1375	10	0,083333	0,083333	Le Sagittaire	NGC
NGC 6584	Amas d’étoiles globulaire	ESO 229-SC14	18,310472	-52,214444	7,9	0,11	0,11	Le Télescope	NGC
NGC 6603	Amas d’étoiles ouvert	Dans M 24 – ESO 590-SC17	18,306667	-18,406667	11,1	0,066667	0,066667	Le Sagittaire	NGC
NGC 6604	Amas d’étoiles ouvert	OCL 56	18,301667	-12,216667	6,5	0,1	0,1	Le Serpent	NGC
NGC 6605	Amas d’étoiles ouvert	OCL 47	18,273333	-15	6	0,483333	0,483333	Le Serpent	NGC
NGC 6624	Amas d’étoiles globulaire	ESO 457-SC11	18,394583	-30,360556	7,6	0,146667	0,146667	Le Sagittaire	NGC
NGC 6625	Amas d’étoiles ouvert	OCL 58	18,386889	-12,013056	9	0,65	0,65	L’Ecu de Sobieski	NGC
NGC 6629	Nébuleuse planétaire	ESO 522-PN26 – PK 9-5.1	18,428444	-23,202222	11,3	0,0045	0,0045	Le Sagittaire	NGC
NGC 6631	Amas d’étoiles ouvert	OCL 59	18,452639	-12,026389	11,7	0,116667	0,116667	L’Ecu de Sobieski	NGC
NGC 6638	Amas d’étoiles globulaire	ESO 522-SC30	18,515611	-25,495833	9,2	0,121667	0,121667	Le Sagittaire	NGC
NGC 6642	Amas d’étoiles globulaire	ESO 522-SC32	18,53175	-23,475833	8,9	0,096667	0,096667	Le Sagittaire	NGC
NGC 6643	Galaxie	UGC 11218	18,329333	74,568333	11,1	0,061667	0,03	Le Dragon	NGC
NGC 6644	Nébuleuse planétaire	ESO 522-PN33 – PK 8-7.2	18,542972	-25,128333	10,7	0,003333	0,003333	Le Sagittaire	NGC
NGC 6645	Amas d’étoiles ouvert	OCL 48	18,543833	-16,883889	8,5	0,25	0,25	Le Sagittaire	NGC
NGC 6649	Amas d’étoiles ouvert	OCL 66	18,557861	-10,402222	8,9	0,1	0,1	L’Ecu de Sobieski	NGC
NGC 6652	Amas d’étoiles globulaire	ESO 395-SC11	18,596028	-32,989722	8,5	0,1	0,1	Le Sagittaire	NGC
NGC 6654	Galaxie	UGC 11238	18,402111	73,182778	12	0,043333	0,035	Le Dragon	NGC
NGC 6664	Amas d’étoiles ouvert	OCL 68	18,6085	-8,1875	7,8	0,2	0,2	L’Ecu de Sobieski	NGC
NGC 6673	Galaxie	ESO 140-44	18,75175	-62,296944	11,6	0,036667	0,016667	Le Paon	NGC
NGC 6683	Amas d’étoiles ouvert	OCL 74	18,703528	-6,2125	9,4	0,05	0,05	L’Ecu de Sobieski	NGC
NGC 6684	Galaxie	ESO 104-16	18,815944	-65,172778	10,4	0,076667	0,048333	Le Paon	NGC
NGC 6699	Galaxie	ESO 183-21	18,867194	-57,320556	12	0,025	0,025	Le Paon	NGC
NGC 6703	Galaxie	UGC 11356	18,788583	45,550833	11,3	0,045	0,041667	La Lyre	NGC
NGC 6704	Amas d’étoiles ouvert	OCL 82	18,846056	-5,205	9,2	0,1	0,1	L’Ecu de Sobieski	NGC
NGC 6708	Galaxie	ESO 183-27	18,926556	-53,723333	12	0,02	0,015	Le Télescope	NGC
NGC 6709	Amas d’étoiles ouvert	OCL 100	18,858333	10,333333	6,7	0,25	0,25	L’Aigle	NGC
NGC 6716	Amas d’étoiles ouvert	ESO 592-SC5	18,909444	-19,908333	7,5	0,166667	0,166667	Le Sagittaire	NGC
NGC 6717	Amas d’étoiles globulaire	ESO 523-SC14	18,918389	-22,700278	8,4	0,09	0,09	Le Sagittaire	NGC
NGC 6721	Galaxie	ESO 141-19	19,014139	-57,759444	12	0,026667	0,023333	Le Paon	NGC
NGC 6723	Amas d’étoiles globulaire	ESO 396-SC10	18,992556	-36,631111	6,8	0,216667	0,216667	Le Sagittaire	NGC
NGC 6725	Galaxie	ESO 183-36	19,032333	-53,864167	11,3	0,036667	0,008333	Le Télescope	NGC
NGC 6730	Galaxie	ESO 72-9	19,126	-68,912222	11,2	0,03	0,025	Le Paon	NGC
NGC 6741	Nébuleuse planétaire	PK 33-2.1	19,043611	0,448889	11,5	0,002167	0,002167	L’Aigle	NGC
NGC 6744	Galaxie	ESO 104-42	19,162806	-63,856667	8,5	0,335	0,215	Le Paon	NGC
NGC 6748	Nébuleuse planétaire	PK 29-5.1	19,09875	-5,991667	11,9	0,007167	0,007167	L’Aigle	NGC
NGC 6752	Amas d’étoiles globulaire	ESO 141-SC30	19,181056	-59,981389	5,3	0,483333	0,483333	Le Paon	NGC
NGC 6753	Galaxie	ESO 184-22	19,189917	-57,048889	11,1	0,04	0,035	Le Paon	NGC
NGC 6755	Amas d’étoiles ouvert	OCL 96	19,130278	4,266667	7,5	0,25	0,25	L’Aigle	NGC
NGC 6756	Amas d’étoiles ouvert	OCL 99	19,145139	4,705833	10,6	0,066667	0,066667	L’Aigle	NGC
NGC 6758	Galaxie	ESO 184-37	19,23125	-56,309444	11,6	0,038333	0,028333	Le Télescope	NGC
NGC 6760	Amas d’étoiles globulaire	GCL 109	19,186694	1,031111	9	0,16	0,16	L’Aigle	NGC
NGC 6764	Galaxie	UGC 11407	19,137944	50,933056	11,9	0,036667	0,02	Le Cygne	NGC
NGC 6766	Nébuleuse planétaire	PK 82+7.1	20,17325	46,461667	10,9	0,004167	0,004167	Le Cygne	NGC
NGC 6769	Galaxie	ESO 141-48	19,306333	-60,500833	11,8	0,036667	0,025	Le Paon	NGC
NGC 6770	Galaxie	ESO 141-49	19,310278	-60,496111	11,9	0,036667	0,026667	Le Paon	NGC
NGC 6782	Galaxie	ESO 142-1	19,399417	-59,922222	11	0,04	0,033333	Le Paon	NGC
NGC 6788	Galaxie	ESO 184-67	19,447139	-54,950556	11,9	0,048333	0,015	Le Télescope	NGC
NGC 6790	Nébuleuse planétaire	PK 37-6.1	19,3825	1,513611	10,5	0,002833	0,002833	L’Aigle	NGC
NGC 6791	Amas d’étoiles ouvert	OCL 142	19,347972	37,774167	9,5	0,166667	0,166667	La Lyre	NGC
NGC 6802	Amas d’étoiles ouvert	OCL 114	19,51	20,261667	8,8	0,083333	0,083333	Le Petit Renard	NGC
NGC 6803	Nébuleuse planétaire	PK 46-4.1	19,521194	10,057222	11,4	0,002833	0,002833	L’Aigle	NGC
NGC 6804	Nébuleuse planétaire	PK 45-4.1	19,5265	9,225833	12	0,018333	0,018333	L’Aigle	NGC
NGC 6807	Nébuleuse planétaire	PK 42-6.1	19,575972	5,684444	12	0,002167	0,002167	L’Aigle	NGC
NGC 6808	Galaxie	ESO 73-3	19,731778	-70,632222	11,8	0,026667	0,015	Le Paon	NGC
NGC 6810	Galaxie	ESO 142-35	19,726194	-58,656111	11,4	0,02	0,015	Le Paon	NGC
NGC 6811	Amas d’étoiles ouvert	OCL 185	19,619333	46,375556	6,8	0,25	0,25	Le Cygne	NGC
NGC 6814	Galaxie	MCG -2-50-1	19,71125	-10,324444	11,2	0,05	0,046667	L’Aigle	NGC
NGC 6822	Galaxie	Galaxie de Barnard – IC 4895 – DDO 209	19,749056	-14,806389	8,7	0,256667	0,236667	Le Sagittaire	NGC
NGC 6830	Amas d’étoiles ouvert	OCL 125	19,85	23,1	7,9	0,1	0,1	Le Petit Renard	NGC
NGC 6834	Amas d’étoiles ouvert	OCL 134	19,870139	29,408056	7,8	0,1	0,1	Le Cygne	NGC
NGC 6837	Amas d’étoiles ouvert	OCL 108	19,885556	11,698333	12	0,05	0,05	L’Aigle	NGC
NGC 6851	Galaxie	ESO 233-21	20,059528	-48,284444	11,8	0,033333	0,025	Le Télescope	NGC
NGC 6861	Galaxie	IC 4949 – ESO 233-32	20,122056	-48,369444	11,1	0,05	0,033333	Le Télescope	NGC
NGC 6866	Amas d’étoiles ouvert	OCL 183	20,065306	44,159167	7,6	0,116667	0,116667	Le Cygne	NGC
NGC 6868	Galaxie	ESO 233-39	20,165	-48,38	10,7	0,06	0,046667	Le Télescope	NGC
NGC 6869	Galaxie	UGC 11506	20,01175	66,228056	12	0,026667	0,021667	Le Dragon	NGC
NGC 6871	Amas d’étoiles ouvert	OCL 148	20,1075	35,79	5,2	0,5	0,5	Le Cygne	NGC
NGC 6872	Galaxie	ESO 73-32	20,2825	-70,767778	11,8	0,1	0,025	Le Paon	NGC
NGC 6876	Galaxie	ESO 73-35	20,305306	-70,858333	11,3	0,045	0,04	Le Paon	NGC
NGC 6883	Amas d’étoiles ouvert	OCL 152	20,188333	35,85	8	0,583333	0,583333	Le Cygne	NGC
NGC 6886	Nébuleuse planétaire	PK 60-7.2	20,211889	19,99	11,4	0,002833	0,002833	La Flèche	NGC
NGC 6891	Nébuleuse planétaire	PK 54-12.1	20,252472	12,704722	10,5	0,005833	0,005833	Le Dauphin	NGC
NGC 6893	Galaxie	ESO 234-6	20,347111	-48,239444	11,8	0,043333	0,028333	Le Télescope	NGC
NGC 6902	Galaxie	IC 4948 – ESO 285-8	20,40775	-43,653056	10,9	0,093333	0,065	Le Sagittaire	NGC
NGC 6903	Galaxie	ESO 596-29	20,395806	-19,325833	11,9	0,025	0,025	Le Capricorne	NGC
NGC 6905	Nébuleuse planétaire	Nébuleuse de l’Éclair bleu – PK 61-9.1	20,373056	20,105	11,1	0,02	0,02	Le Dauphin	NGC
NGC 6907	Galaxie	ESO 528-3	20,4185	-24,809167	11,2	0,056667	0,043333	Le Capricorne	NGC
NGC 6909	Galaxie	ESO 285-12	20,460778	-47,027222	11,7	0,036667	0,018333	Le Télescope	NGC
NGC 6910	Amas d’étoiles ouvert	OCL 181	20,386667	40,778611	7,4	0,166667	0,166667	Le Cygne	NGC
NGC 6920	Galaxie	ESO 26-4	20,732528	-80,000278	11,2	0,03	0,025	L’Octant	NGC
NGC 6923	Galaxie	IC 5004 – ESO 462-29	20,5275	-30,831944	12	0,043333	0,021667	Le Microscope	NGC
NGC 6925	Galaxie	ESO 463-4	20,572361	-31,98	11,3	0,073333	0,018333	Le Microscope	NGC
NGC 6934	Amas d’étoiles globulaire	GCL 117	20,569889	7,404722	8,9	0,118333	0,118333	Le Dauphin	NGC
NGC 6935	Galaxie	ESO 234-59	20,638889	-52,110278	12	0,035	0,03	L’Indien	NGC
NGC 6940	Amas d’étoiles ouvert	OCL 141	20,575639	28,280278	6,3	0,416667	0,416667	Le Petit Renard	NGC
NGC 6942	Galaxie	ESO 186-73	20,677194	-54,302222	11,7	0,035	0,026667	L’Indien	NGC
NGC 6943	Galaxie	ESO 74-6	20,742694	-68,748056	11,4	0,066667	0,036667	Le Paon	NGC
NGC 6951	Galaxie	UGC 11604	20,620556	66,105833	10,7	0,065	0,053333	Céphée	NGC
NGC 6958	Galaxie	ESO 341-15	20,811833	-37,997778	11,4	0,041667	0,031667	Le Microscope	NGC
NGC 6996	Amas d’étoiles ouvert	OCL 197	20,941667	45,473333	10	0,083333	0,083333	Le Cygne	NGC
NGC 6997	Amas d’étoiles ouvert	OCL 197	20,941667	44,65	10	0,133333	0,133333	Le Cygne	NGC
NGC 7006	Amas d’étoiles globulaire	GCL 119	21,024861	16,188056	10,6	0,06	0,06	Le Dauphin	NGC
NGC 7007	Galaxie	ESO 187-48	21,091056	-52,551944	12	0,033333	0,02	L’Indien	NGC
NGC 7008	Nébuleuse planétaire	PK 93+5.2	21,009111	54,543889	10,7	0,023833	0,023833	Le Cygne	NGC
NGC 7013	Galaxie	UGC 11670	21,059333	29,896944	11,3	0,066667	0,023333	Le Cygne	NGC
NGC 7020	Galaxie	ESO 107-13	21,188861	-64,025278	11,8	0,058333	0,026667	Le Paon	NGC
NGC 7026	Nébuleuse planétaire	PK 89+0.1	21,105167	47,852778	10,9	0,0125	0,0125	Le Cygne	NGC
NGC 7029	Galaxie	ESO 235-72	21,197694	-49,283611	11,5	0,041667	0,023333	L’Indien	NGC
NGC 7031	Amas d’étoiles ouvert	OCL 210	21,114444	50,843333	9,1	0,25	0,25	Le Cygne	NGC
NGC 7038	Galaxie	ESO 286-79	21,252083	-47,220278	11,6	0,051667	0,023333	L’Indien	NGC
NGC 7039	Amas d’étoiles ouvert	OCL 203	21,186667	45,65	7,6	0,25	0,25	Le Cygne	NGC
NGC 7041	Galaxie	ESO 235-82	21,275583	-48,363056	11,2	0,06	0,025	L’Indien	NGC
NGC 7042	Galaxie	UGC 11702	21,229361	13,575	12	0,033333	0,03	Pégase	NGC
NGC 7044	Amas d’étoiles ouvert	OCL 198	21,219278	42,496111	12	0,116667	0,116667	Le Cygne	NGC
NGC 7049	Galaxie	ESO 236-1	21,316722	-48,561389	10,6	0,075	0,05	L’Indien	NGC
NGC 7059	Galaxie	ESO 145-5	21,456028	-60,014722	11,9	0,055	0,028333	Le Paon	NGC
NGC 7062	Amas d’étoiles ouvert	OCL 205	21,390944	46,378611	8,3	0,083333	0,083333	Le Cygne	NGC
NGC 7063	Amas d’étoiles ouvert	OCL 192	21,406111	36,486667	7	0,15	0,15	Le Cygne	NGC
NGC 7067	Amas d’étoiles ouvert	OCL 208	21,403417	48,011389	9,7	0,05	0,05	Le Cygne	NGC
NGC 7079	Galaxie	ESO 287-36	21,543056	-44,0675	11,6	0,033333	0,02	La Grue	NGC
NGC 7082	Amas d’étoiles ouvert	OCL 209	21,488056	47,126667	7,2	0,4	0,4	Le Cygne	NGC
NGC 7083	Galaxie	ESO 107-36	21,595722	-63,903333	11,2	0,065	0,038333	L’Indien	NGC
NGC 7086	Amas d’étoiles ouvert	OCL 214	21,507639	51,600556	8,4	0,2	0,2	Le Cygne	NGC
NGC 7090	Galaxie	ESO 188-12	21,607694	-54,555	10,7	0,121667	0,02	L’Indien	NGC
NGC 7095	Galaxie	ESO 27-1	21,873556	-81,531389	11,5	0,066667	0,055	L’Octant	NGC
NGC 7096	Galaxie	IC 5121 – ESO 107-46	21,688639	-63,908333	11,9	0,03	0,026667	L’Indien	NGC
NGC 7097	Galaxie	ESO 287-48	21,670222	-42,539167	11,7	0,03	0,02	La Grue	NGC
NGC 7098	Galaxie	ESO 48-5	21,737778	-75,110833	11,3	0,066667	0,043333	L’Octant	NGC
NGC 7128	Amas d’étoiles ouvert	OCL 218	21,732694	53,715278	9,7	0,066667	0,066667	Le Cygne	NGC
NGC 7135	Galaxie	ESO 403-35	21,829444	-34,876111	11,7	0,035	0,03	Le Poisson austral	NGC
NGC 7140	Galaxie	ESO 189-7	21,870861	-55,569722	11,5	0,068333	0,05	L’Indien	NGC
NGC 7142	Amas d’étoiles ouvert	OCL 241	21,752611	65,774444	9,3	0,2	0,2	Céphée	NGC
NGC 7144	Galaxie	ESO 237-11	21,8785	-48,254722	10,8	0,061667	0,06	La Grue	NGC
NGC 7145	Galaxie	ESO 237-13	21,889028	-47,8825	11,2	0,041667	0,038333	La Grue	NGC
NGC 7160	Amas d’étoiles ouvert	OCL 236	21,8945	62,603333	6,1	0,083333	0,083333	Céphée	NGC
NGC 7166	Galaxie	ESO 288-27	22,009083	-43,39	11,9	0,04	0,015	La Grue	NGC
NGC 7168	Galaxie	ESO 237-26	22,035361	-51,743333	11,9	0,031667	0,023333	L’Indien	NGC
NGC 7172	Galaxie	HCG 90A – ESO 466-38	22,033806	-31,87	11,9	0,04	0,021667	Le Poisson austral	NGC
NGC 7173	Galaxie	HCG 90C – ESO 466-39	22,034194	-31,973056	12	0,02	0,015	Le Poisson austral	NGC
NGC 7176	Galaxie	HCG 90B – ESO 466-41	22,035611	-31,990556	11,4	0,013333	0,013333	Le Poisson austral	NGC
NGC 7177	Galaxie	UGC 11872	22,011444	17,737222	11,2	0,053333	0,035	Pégase	NGC
NGC 7183	Galaxie	ESO 601-8	22,039222	-18,915556	12	0,063333	0,018333	Le Verseau	NGC
NGC 7184	Galaxie	ESO 601-9	22,044417	-20,8125	10,9	0,098333	0,021667	Le Verseau	NGC
NGC 7192	Galaxie	ESO 108-12	22,113861	-64,316111	11,2	0,031667	0,03	L’Indien	NGC
NGC 7196	Galaxie	ESO 237-36	22,098556	-50,119167	11,5	0,041667	0,031667	L’Indien	NGC
NGC 7205	Galaxie	ESO 146-9	22,142556	-57,4425	11	0,066667	0,033333	Le Toucan	NGC
NGC 7213	Galaxie	ESO 288-43	22,1545	-47,166944	10,1	0,051667	0,046667	La Grue	NGC
NGC 7217	Galaxie	UGC 11914	22,131139	31,359444	10,1	0,066667	0,056667	Pégase	NGC
NGC 7218	Galaxie	MCG -3-56-8	22,169861	-16,660556	12	0,043333	0,018333	Le Verseau	NGC
NGC 7226	Amas d’étoiles ouvert	OCL 226	22,174167	55,398611	9,6	0,033333	0,033333	Céphée	NGC
NGC 7232	Galaxie	ESO 289-7	22,260444	-45,850278	12	0,043333	0,016667	La Grue	NGC
NGC 7234	Amas d’étoiles ouvert	OCL 229	22,206667	57,273333	7,7	0,1	0,1	Céphée	NGC
NGC 7245	Amas d’étoiles ouvert	OCL 225	22,253333	54,343333	9,2	0,083333	0,083333	Le Lézard	NGC
NGC 7252	Galaxie	Galaxie Atomes pour la paix – Arp 226 – ESO 533-15	22,345778	-24,678333	11,4	0,035	0,028333	Le Verseau	NGC
NGC 7261	Amas d’étoiles ouvert	OCL 237	22,336111	58,11	8,4	0,1	0,1	Céphée	NGC
NGC 7285	Galaxie	Arp 93 – ESO 533-32	22,477167	-24,840556	11,9	0,035	0,025	Le Verseau	NGC
NGC 7314	Galaxie	Arp 14 – ESO 533-53	22,596083	-26,050278	11	0,076667	0,033333	Le Poisson austral	NGC
NGC 7329	Galaxie	ESO 109-12	22,673389	-66,479167	11,3	0,061667	0,045	Le Toucan	NGC
NGC 7332	Galaxie	UGC 12115	22,6235	23,798056	11,1	0,068333	0,018333	Pégase	NGC
NGC 7368	Galaxie	ESO 345-49	22,758722	-39,341944	12	0,048333	0,01	La Grue	NGC
NGC 7371	Galaxie	MCG -2-58-1	22,767667	-11,000556	11,5	0,033333	0,033333	Le Verseau	NGC
NGC 7377	Galaxie	ESO 534-26	22,7965	-22,311389	11,1	0,05	0,041667	Le Verseau	NGC
NGC 7385	Galaxie	UGC 12207	22,831833	11,608056	12	0,021667	0,018333	Pégase	NGC
NGC 7391	Galaxie	UGC 12211	22,843333	-1,544722	11,9	0,028333	0,025	Le Verseau	NGC
NGC 7392	Galaxie	ESO 603-22	22,8635	-20,608611	11,9	0,036667	0,023333	Le Verseau	NGC
NGC 7410	Galaxie	ESO 346-12	22,916833	-39,662222	10,3	0,086667	0,026667	La Grue	NGC
NGC 7412	Galaxie	ESO 290-24	22,929472	-42,641389	11,4	0,063333	0,046667	La Grue	NGC
NGC 7418	Galaxie	ESO 406-25	22,943306	-37,028889	11,1	0,058333	0,043333	La Grue	NGC
NGC 7421	Galaxie	ESO 346-17	22,9485	-37,345	11,9	0,033333	0,031667	La Grue	NGC
NGC 7424	Galaxie	ESO 346-19	22,955111	-41,070833	10,5	0,158333	0,135	La Grue	NGC
NGC 7443	Galaxie	MCG -2-58-15	23,002417	-12,807778	11,6	0,023333	0,008333	Le Verseau	NGC
NGC 7448	Galaxie	Arp 13 – UGC 12294	23,001	15,98	11,7	0,043333	0,02	Pégase	NGC
NGC 7454	Galaxie	UGC 12305	23,0185	16,389167	11,8	0,036667	0,026667	Pégase	NGC
NGC 7456	Galaxie	ESO 346-26	23,036139	-39,569167	11,8	0,091667	0,026667	La Grue	NGC
NGC 7457	Galaxie	UGC 12306	23,016611	30,144722	11,2	0,071667	0,038333	Pégase	NGC
NGC 7462	Galaxie	ESO 346-28	23,046167	-40,835556	11,4	0,071667	0,013333	La Grue	NGC
NGC 7479	Galaxie	UGC 12343	23,082417	12,322222	10,9	0,066667	0,051667	Pégase	NGC
NGC 7484	Galaxie	ESO 407-6	23,118028	-36,272778	11,8	0,03	0,028333	Le Sculpteur	NGC
NGC 7492	Amas d’étoiles globulaire	GCL 125	23,14075	-15,610833	11,2	0,07	0,07	Le Verseau	NGC
NGC 7496	Galaxie	ESO 291-1	23,163028	-43,4275	11,4	0,055	0,051667	La Grue	NGC
NGC 7507	Galaxie	ESO 469-19	23,202083	-28,538611	10,4	0,046667	0,045	Le Sculpteur	NGC
NGC 7510	Amas d’étoiles ouvert	OCL 256	23,1845	60,568889	7,9	0,116667	0,116667	Céphée	NGC
NGC 7513	Galaxie	ESO 469-22	23,220472	-28,358056	10,6	0,053333	0,035	Le Sculpteur	NGC
NGC 7531	Galaxie	ESO 291-10	23,246778	-43,598889	11,3	0,075	0,028333	La Grue	NGC
NGC 7541	Galaxie	UGC 12447	23,245333	4,534444	11,7	0,058333	0,02	Les Poissons	NGC
NGC 7552	Galaxie	Quartette de la Grue – IC 5294 – ESO 291-12	23,269611	-42,584722	10,6	0,056667	0,045	La Grue	NGC
NGC 7562	Galaxie	UGC 12464	23,266	6,687222	11,5	0,036667	0,028333	Les Poissons	NGC
NGC 7582	Galaxie	Quartette de la Grue – ESO 291-16	23,306528	-42,369722	10,6	0,083333	0,038333	La Grue	NGC
NGC 7585	Galaxie	Arp 223	23,300361	-4,650278	11,4	0,038333	0,033333	Le Verseau	NGC
NGC 7590	Galaxie	Quartette de la Grue – ESO 347-33	23,315167	-42,239167	11,5	0,043333	0,016667	La Grue	NGC
NGC 7599	Galaxie	Quartette de la Grue – IC 5308 – ESO 347-34	23,322444	-42,258056	11,5	0,073333	0,023333	La Grue	NGC
NGC 7600	Galaxie	MCG -1-59-19	23,314944	-7,58	12	0,041667	0,016667	Le Verseau	NGC
NGC 7606	Galaxie	MCG -2-59-12	23,318	-8,486389	10,8	0,09	0,035	Le Verseau	NGC
NGC 7619	Galaxie	UGC 12523	23,337389	8,206944	11,1	0,041667	0,038333	Pégase	NGC
NGC 7626	Galaxie	UGC 12531	23,345167	8,216944	11,1	0,043333	0,038333	Pégase	NGC
NGC 7640	Galaxie	UGC 12554	23,3685	40,845	11,3	0,175	0,03	Andromède	NGC
NGC 7676	Galaxie	ESO 148-16	23,483806	-59,716667	11,5	0,026667	0,015	Le Toucan	NGC
NGC 7678	Galaxie	Arp 28 – UGC 12614	23,474389	22,421111	11,8	0,041667	0,028333	Pégase	NGC
NGC 7686	Amas d’étoiles ouvert	OCL 251	23,502028	49,134167	5,6	0,25	0,25	Andromède	NGC
NGC 7689	Galaxie	ESO 192-7	23,554556	-54,094167	11,5	0,046667	0,031667	Le Phénix	NGC
NGC 7713	Galaxie	ESO 347-28	23,60425	-37,938889	11,2	0,075	0,03	Le Sculpteur	NGC
NGC 7721	Galaxie	MCG -1-60-17	23,646833	-6,517778	11,6	0,046667	0,018333	Le Verseau	NGC
NGC 7723	Galaxie	MCG -2-60-5	23,649167	-12,961111	11,2	0,058333	0,036667	Le Verseau	NGC
NGC 7727	Galaxie	Arp 222	23,664917	-12,292778	10,6	0,078333	0,058333	Le Verseau	NGC
NGC 7741	Galaxie	UGC 12754	23,73175	26,075278	11,3	0,075	0,048333	Pégase	NGC
NGC 7742	Galaxie	UGC 12760	23,737694	10,766944	11,6	0,028333	0,028333	Pégase	NGC
NGC 7743	Galaxie	UGC 12759	23,739194	9,933889	11,5	0,046667	0,04	Pégase	NGC
NGC 7744	Galaxie	IC 5348 – ESO 292-17	23,749778	-42,91	11,9	0,036667	0,03	Le Phénix	NGC
NGC 7753	Galaxie	Arp 86 – UGC 12780	23,784667	29,483889	12	0,055	0,035	Pégase	NGC
NGC 7755	Galaxie	ESO 471-20	23,79775	-30,523611	11,9	0,063333	0,046667	Le Sculpteur	NGC
NGC 7762	Amas d’étoiles ouvert	OCL 280	23,833333	68,038333	10	0,25	0,25	Céphée	NGC
NGC 7769	Galaxie	UGC 12808	23,851139	20,150556	12	0,053333	0,045	Pégase	NGC
NGC 7785	Galaxie	UGC 12841	23,921917	5,916111	11,6	0,041667	0,021667	Les Poissons	NGC
NGC 7788	Amas d’étoiles ouvert	OCL 275	23,946111	61,4	9,4	0,066667	0,066667	Cassiopée	NGC
NGC 7790	Amas d’étoiles ouvert	OCL 276	23,973389	61,208333	8,5	0,083333	0,083333	Cassiopée	NGC
NGC 7793	Galaxie	ESO 349-12	23,963667	-32,591667	9,1	0,155	0,105	Le Sculpteur	NGC
NGC 7796	Galaxie	ESO 149-7	23,98325	-55,458056	11,5	0,036667	0,031667	Le Phénix	NGC
NGC 7814	Galaxie	UGC 8	0,054111	16,145278	10,6	0,091667	0,038333	Pégase	NGC
NGC 7817	Galaxie	UGC 19	0,06625	20,750556	11,8	0,058333	0,016667	Pégase	NGC
NGC 4236-1	Galaxie	UGC 7306	12,278694	69,463611	9,6	0,365	0,12	Le Dragon	NGC
NGC 4377-1	Galaxie	UGC 7501	12,420111	14,762222	11,9	0,028333	0,021667	La Chevelure de Bérénice	NGC
NGC 5062-1	Galaxie	ESO 382-35	13,306556	-35,458889	11,2	0,038333	0,011667	Le Centaure	NGC
NGC 5965-1	Galaxie	UGC 9914	15,567222	56,685556	11,7	0,086667	0,011667	Le Dragon	NGC
IC 10	Galaxie	UGC 192	0,340139	59,2925	10,4	0,106667	0,088333	Cassiopée	IC
IC 166	Amas d’étoiles ouvert	OCL 334	1,872778	61,853333	11,7	0,133333	0,133333	Cassiopée	IC
IC 239	Galaxie	UGC 2080	2,60775	38,968889	11,1	0,076667	0,07	Andromède	IC
IC 284	Galaxie	UGC 2531	3,10275	42,371667	11,5	0,063333	0,02	Persée	IC
IC 334	Amas d’étoiles ouvert	UGC 2824	3,75475	76,6375	11,3	0,041667	0,035	La Girafe	IC
IC 336	Nébuleuse en émission		3,616667	23,4		0,016667	0,016667	Le Taureau	IC
IC 341	Nébuleuse en émission	CED 19B	3,666667	22		2,25	2,25	Le Taureau	IC
IC 342	Galaxie	UGC 2847	3,780111	68,095556	8,4	0,356667	0,348333	La Girafe	IC
IC 348	Amas associé à une nébulosité	LBN 758	3,742806	32,163056	7,3	0,166667	0,166667	Persée	IC
IC 349	Nébuleuse par réflexion	Nébuleuse de Mérope de Barnard – CED 19I	3,772222	23,939722		0,008333	0,008333	Le Taureau	IC
IC 351	Nébuleuse planétaire	PK 159-15.1	3,7925	35,047222	11,9	0,005	0,005	Persée	IC
IC 353	Nébuleuse en émission	LBN 601	3,883417	25,8		3	0,5	Le Taureau	IC
IC 354	Nébuleuse en émission	CED 19q	3,883333	23		2,166667	2,166667	Le Taureau	IC
IC 356	Galaxie	Arp 213 – UGC 2953	4,129528	69,811944	10,6	0,098333	0,065	La Girafe	IC
IC 360	Nébuleuse en émission	LBN 786	4,15	26,1		3	1,666667	Le Taureau	IC
IC 361	Amas d’étoiles ouvert	OCL 393	4,314056	58,249444	11,7	0,116667	0,116667	La Girafe	IC
IC 417	Amas associé à une nébulosité	SH2-234 – LBN 804	5,468306	34,423889		0,216667	0,166667	Le Cocher	IC
IC 418	Nébuleuse planétaire	PK 215-24.1	5,457861	-12,696667	9,3	0,003333	0,003333	Le Lièvre	IC
IC 420	Nébuleuse par réflexion	LBN 963 – vdB 44	5,537222	-4,52		0,1	0,1	Orion	IC
IC 423	Nébuleuse en émission	LBN 913	5,556111	0,614444		0,033333	0,033333	Orion	IC
IC 424	Nébuleuse par réflexion	DG 59	5,560333	0,413056		2	2	Orion	IC
IC 426	Nébuleuse par réflexion	LBN 921	5,608611	0,298333		0,116667	0,116667	Orion	IC
IC 427	Nébuleuse par réflexion		5,605	-6,616667		0,016667	0,016667	Orion	IC
IC 428	Nébuleuse par réflexion		5,606722	-6,451667		0,016667	0,016667	Orion	IC
IC 429	Nébuleuse par réflexion	Partie la plus brillante d’IC 430	5,638333	-7,036667		0,016667	0,016667	Orion	IC
IC 430	Nébuleuse par réflexion	CED 55K	5,638389	-7,040556		0,183333	0,183333	Orion	IC
IC 431	Nébuleuse par réflexion	LBN 944	5,670556	-1,463333		0,083333	0,05	Orion	IC
IC 432	Nébuleuse par réflexion	LBN 946	5,681944	-1,506667		0,133333	0,066667	Orion	IC
IC 435	Nébuleuse par réflexion	CED 55Q	5,716667	-2,312778		0,066667	0,05	Orion	IC
IC 438	Galaxie	ESO 555-9	5,883333	-17,875833	11,9	0,046667	0,036667	Le Lièvre	IC
IC 443	Rémanent de supernova	SH2-248 – LBN 844	6,276667	22,516667		0,833333	0,666667	Les Gémeaux	IC
IC 444	Nébuleuse en émission	LBN 845	6,375	22,866667		0,8	0,633333	Les Gémeaux	IC
IC 446	Nébuleuse par réflexion	LBN 898	6,518333	10,459722		0,083333	0,066667	La Licorne	IC
IC 447	Nébuleuse par réflexion	LBN 903	6,517778	9,866667		0,416667	0,333333	La Licorne	IC
IC 448	Nébuleuse par réflexion	LBN 930	6,545833	7,388333		0,25	0,166667	La Licorne	IC
IC 456	Galaxie	ESO 427-24	7,004833	-30,163056	11,9	0,035	0,021667	Le Grand Chien	IC
IC 466	Nébuleuse en émission	SH2-288	7,144139	-4,317222		0,016667	0,016667	La Licorne	IC
IC 520	Galaxie	UGC 4630	8,895028	73,490833	11,7	0,025	0,021667	La Girafe	IC
IC 529	Galaxie	UGC 4888	9,309139	73,759722	11,9	0,055	0,021667	La Girafe	IC
IC 630	Galaxie	MCG -1-27-29	10,64275	-7,170556	12	0,035	0,028333	Le Sextant	IC
IC 676	Galaxie	UGC 6245	11,211028	9,056111	11,8	0,035	0,021667	Le Lion	IC
IC 750	Galaxie	UGC 6973	11,981111	42,722778	11,9	0,043333	0,02	La Grande Ourse	IC
IC 983	Galaxie	Arp 117 – UGC 9061	14,167861	17,734444	11,7	0,065	0,043333	Le Bouvier	IC
IC 1023	Amas d’étoiles ouvert	ESO 385-SC39	14,540306	-35,803611		0,083333	0,083333	Le Centaure	IC
IC 1266	Nébuleuse planétaire	ESO 279-PN7 – PK 345-8.1	17,759861	-46,088611		0,002833	0,002833	L’Autel	IC
IC 1271	Nébuleuse en émission		18,086944	-24,410556		0,016667	0,016667	Le Sagittaire	IC
IC 1274	Nébuleuse en émission	SH2-31 – LBN 33	18,163889	-23,648333		0,1	0,083333	Le Sagittaire	IC
IC 1275	Nébuleuse en émission		18,168611	-23,761667		0,016667	0,016667	Le Sagittaire	IC
IC 1276	Amas d’étoiles globulaire	GCL 90	18,179361	-7,211111	10,3	0,133333	0,133333	Le Serpent	IC
IC 1283	Nébuleuse en émission	Dans SH2-37 – Partie d’IC 1284	18,287972	-19,762222		0,05	0,05	Le Sagittaire	IC
IC 1284	Nébuleuse en émission	Dans SH2-37 – CED 157D	18,294306	-19,671944		0,283333	0,25	Le Sagittaire	IC
IC 1287	Nébuleuse par réflexion	LBN 75	18,523889	-10,795		0,333333	0,166667	L’Ecu de Sobieski	IC
IC 1297	Nébuleuse planétaire	ESO 337-PN20 – PK 358-21.1	19,289833	-39,6125	10,7	0,006667	0,006667	La Couronne australe	IC
IC 1299	Amas d’étoiles ouvert		19,378333	20,74		0,033333	0,016667	Le Petit Renard	IC
IC 1310	Amas d’étoiles ouvert	OCL 147	20,166944	34,968333		0,05	0,05	Le Cygne	IC
IC 1318-A	Nébuleuse en émission	Partie de la nébuleuse de Gamma Cygni – LBN 251	20,276667	41,816667		0,833333	0,333333	Le Cygne	IC
IC 1318-B	Nébuleuse en émission	Partie de la nébuleuse de Gamma Cygni	20,465	40		0,75	0,5	Le Cygne	IC
IC 1340	Rémanent de supernova	Partie des Dentelles du Cygne	20,935556	31,048333		0,416667	0,333333	Le Cygne	IC
IC 1369	Amas d’étoiles ouvert	OCL 204	21,2025	47,766667	8,8	0,083333	0,083333	Le Cygne	IC
IC 1392	Galaxie	UGC 11772	21,592389	35,398611	12	0,018333	0,011667	Le Cygne	IC
IC 1396-A	Nébuleuse en émission	LBN 452	21,591667	57,383333		0,233333	0,033333	Céphée	IC
IC 1396-B	Nébuleuse en émission	LBN 451	21,575	57,466667		0,2	0,066667	Céphée	IC
IC 1434	Amas d’étoiles ouvert	OCL 223	22,175	52,833333	9	0,116667	0,116667	Le Lézard	IC
IC 1438	Galaxie	ESO 602-1	22,274722	-21,430833	11,9	0,04	0,035	Le Verseau	IC
IC 1442	Amas d’étoiles ouvert	OCL 224	22,268333	53,991667	9,1	0,083333	0,083333	Le Lézard	IC
IC 1459	Galaxie	ESO 406-30	22,952889	-36,4625	10	0,086667	0,03	La Grue	IC
IC 1470	Nébuleuse en émission	SH2-156	23,086222	60,242222		0,016667	0,016667	Céphée	IC
IC 1590	Amas associé à une nébulosité	Dans NGC 281	0,88	56,631667		0,016667	0,016667	Cassiopée	IC
IC 1611	Amas d’étoiles ouvert	Petit Nuage de Magellan – ESO 29-SC27	0,996861	-72,3325	12	0,016667	0,016667	Le Toucan	IC
IC 1613	Galaxie	UGC 668 – DDO 8	1,079861	2,118611	9,2	0,276667	0,248333	La Baleine	IC
IC 1625	Galaxie	ESO 243-33	1,1285	-46,908333	12	0,026667	0,02	Le Phénix	IC
IC 1626	Amas d’étoiles ouvert	Petit Nuage de Magellan – ESO 29-SC30	1,103722	-73,298056		0,016667	0,016667	Le Toucan	IC
IC 1633	Galaxie	ESO 243-46	1,165417	-45,931389	11,5	0,043333	0,04	Le Phénix	IC
IC 1641	Amas d’étoiles ouvert	ESO 51-SC21	1,160861	-71,768889		0,016667	0,016667	Le Toucan	IC
IC 1644	Nébuleuse en émission	Petit Nuage de Magellan – ESO 29-EN35	1,153333	-73,195556		0,016667	0,016667	Le Toucan	IC
IC 1655	Amas d’étoiles ouvert	ESO 51-SC23	1,198278	-71,331667		0,016667	0,016667	Le Toucan	IC
IC 1660	Amas d’étoiles ouvert	ESO 51-SC24	1,210667	-71,761389		0,016667	0,016667	Le Toucan	IC
IC 1662	Amas d’étoiles ouvert	Petit Nuage de Magellan – ESO 29-SC37	1,20925	-73,456944		0,016667	0,016667	Le Toucan	IC
IC 1708	Amas d’étoiles ouvert	Petit Nuage de Magellan – ESO 52-SC2	1,415694	-71,183889		0,016667	0,016667	L’Hydre mâle	IC
IC 1727	Galaxie	UGC 1249	1,791667	27,3325	11,5	0,095	0,04	Le Triangle	IC
IC 1747	Nébuleuse planétaire	PK 130+1.1	1,959944	63,322778	12	0,005333	0,005333	Cassiopée	IC
IC 1788	Galaxie	ESO 415-15	2,263944	-31,201111	11,6	0,043333	0,018333	Le Fourneau	IC
IC 1796	Galaxie	ESO 298-38	2,379806	-41,370833	12	0,018333	0,015	Le Phénix	IC
IC 1831	Nébuleuse en émission	CED 8	2,733333	63,01		2	2	Cassiopée	IC
IC 1864	Galaxie	ESO 356-17	2,894278	-34,198056	11,6	0,02	0,011667	Le Fourneau	IC
IC 1871	Nébuleuse en émission	LBN 675	2,956028	60,672222		0,016667	0,016667	Cassiopée	IC
IC 1953	Galaxie	ESO 548-38	3,561611	-21,478333	11,7	0,048333	0,035	L’Eridan	IC
IC 1954	Galaxie	ESO 200-36	3,525306	-51,904167	11,6	0,05	0,025	L’Horloge	IC
IC 1970	Galaxie	ESO 249-7	3,608667	-43,956667	12	0,051667	0,01	L’Horloge	IC
IC 1990	Nébuleuse en émission	CED 19M	3,787167	24,333889		0,016667	0,016667	Le Taureau	IC
IC 1993	Galaxie	ESO 358-65	3,784667	-33,710556	11,7	0,041667	0,036667	Le Fourneau	IC
IC 1995	Nébuleuse par réflexion	CED 22	3,838472	25,580833		2,25	2,25	Le Taureau	IC
IC 2000	Galaxie	ESO 201-3	3,818778	-48,858333	11,9	0,068333	0,013333	L’Horloge	IC
IC 2003	Nébuleuse planétaire	PK 161-14.1	3,939444	33,875556	11,4	0,0055	0,0055	Persée	IC
IC 2006	Galaxie	ESO 359-7	3,907861	-35,967222	11,3	0,031667	0,026667	L’Eridan	IC
IC 2035	Galaxie	ESO 250-7	4,1505	-45,517222	11,8	0,02	0,015	L’Horloge	IC
IC 2051	Galaxie	ESO 4-7	3,86675	-83,831944	11,5	0,043333	0,026667	La Table	IC
IC 2056	Galaxie	ESO 118-16	4,273556	-60,206389	11,9	0,031667	0,026667	Le Réticule	IC
IC 2067	Nébuleuse en émission		4,514444	35,445		0,016667	0,016667	Persée	IC
IC 2087	Nébuleuse par réflexion	LBN 813	4,666667	25,742222		0,066667	0,066667	Le Taureau	IC
IC 2088	Nébuleuse en émission	LBN 793	4,516667	26,6		6	6	Le Taureau	IC
IC 2105	Nébuleuse en émission	Grand Nuage de Magellan – ESO 56-EN7	4,824083	-69,200833		0,016667	0,016667	La Dorade	IC
IC 2111	Nébuleuse en émission	Grand Nuage de Magellan – ESO 56-EN13	4,864278	-69,393611		0,016667	0,016667	La Dorade	IC
IC 2117	Nébuleuse en émission		4,953972	-68,442222		0,03	0,03	La Dorade	IC
IC 2118	Nébuleuse par réflexion	Nébuleuse de la Tête de Sorcière – LBN 959	5,081667	-7,25		3	1	L’Eridan	IC
IC 2128	Amas d’étoiles ouvert	Grand Nuage de Magellan – ESO 56-SC113	5,378333	-68,061111		0,016667	0,016667	La Dorade	IC
IC 2134	Amas d’étoiles globulaire	Grand Nuage de Magellan – ESO 33-SC19	5,385333	-75,446389		0,016667	0,016667	La Table	IC
IC 2140	Amas d’étoiles globulaire	Grand Nuage de Magellan – ESO 33-SC24	5,556111	-75,375278		0,035	0,035	La Table	IC
IC 2144	Nébuleuse en émission		5,837222	23,872222		0,016667	0,016667	Le Taureau	IC
IC 2145	Nébuleuse en émission	Grand Nuage de Magellan – ESO 57-EN18	5,673306	-69,671389		0,033333	0,033333	La Dorade	IC
IC 2146	Amas d’étoiles globulaire	Grand Nuage de Magellan – ESO 33-SC26	5,629444	-74,780556		0,043333	0,043333	La Table	IC
IC 2148	Amas d’étoiles globulaire	Grand Nuage de Magellan – ESO 33-SC28	5,653333	-75,5625		0,018333	0,018333	La Table	IC
IC 2149	Nébuleuse planétaire	PK 166+10.1	5,939972	46,105278	10,6	0,0095	0,0095	Le Cocher	IC
IC 2157	Amas d’étoiles ouvert	OCL 465	6,0805	24,055833	8,4	0,083333	0,083333	Les Gémeaux	IC
IC 2159	Nébuleuse en émission	Dans NGC 2175 – CED 67B	6,165833	20,431667		0,016667	0,016667	Orion	IC
IC 2161	Amas d’étoiles globulaire	Grand Nuage de Magellan – ESO 33-SC35	5,957472	-75,139444		0,025	0,025	La Table	IC
IC 2162	Nébuleuse en émission	SH2-255 – LBN 859	6,218333	17,98		0,05	0,05	Orion	IC
IC 2163	Galaxie	ESO 556-9	6,274444	-21,376389	11,7	0,05	0,02	Le Grand Chien	IC
IC 2165	Nébuleuse planétaire	PK 221-12.1	6,361861	-12,986667	10,5	0,007833	0,007833	Le Grand Chien	IC
IC 2177	Nébuleuse en émission	SH2-292 – LBN 1027	7,073694	-10,453611		0,333333	0,333333	La Licorne	IC
IC 2220	Nébuleuse en émission	Nébuleuse du Pichet – AM 0755-585	7,947583	-59,125278		0,083333	0,083333	La Carène	IC
IC 2311	Galaxie	ESO 495-2	8,31275	-25,37	11,5	0,021667	0,021667	La Poupe	IC
IC 2367	Galaxie	ESO 562-5	8,402778	-18,775833	11,9	0,043333	0,03	La Poupe	IC
IC 2391	Amas d’étoiles ouvert	Amas Omicron Velorum – ESO 165-SC4	8,671667	-52,916667	2,6	1	1	Les Voiles	IC
IC 2395	Amas d’étoiles ouvert	ESO 210-SC3	8,708333	-48,108333	4,6	0,216667	0,216667	Les Voiles	IC
IC 2448	Nébuleuse planétaire	ESO 61-PN1 – PK 285-14.1	9,118472	-69,941389	10,4	0,0075	0,0075	La Carène	IC
IC 2469	Galaxie	ESO 433-17	9,383722	-32,449722	11,1	0,078333	0,016667	La Boussole	IC
IC 2482	Galaxie	MCG -2-24-25	9,449778	-12,108333	11,5	0,038333	0,026667	L’Hydre	IC
IC 2488	Amas d’étoiles ouvert	ESO 166-SC14	9,4575	-56,956667	7,4	0,3	0,3	Les Voiles	IC
IC 2501	Nébuleuse planétaire	ESO 126-PN26 – PK 281-5.1	9,646472	-60,091389	10,4	0,0005	0,0005	La Carène	IC
IC 2531	Galaxie	ESO 435-25	9,998806	-29,617778	12	0,115	0,01	La Machine pneumatique	IC
IC 2533	Galaxie	ESO 435-27	10,00875	-31,245	12	0,03	0,021667	La Machine pneumatique	IC
IC 2553	Nébuleuse planétaire	ESO 127-PN10 – PK 285-5.1	10,155806	-62,613056	10,3	0,0025	0,0025	La Carène	IC
IC 2554-A	Galaxie	ESO 92-12	10,147361	-67,031667	11,8	0,05	0,02	La Carène	IC
IC 2560	Galaxie	ESO 375-4	10,271833	-33,563333	11,7	0,051667	0,033333	La Machine pneumatique	IC
IC 2574	Galaxie	Nébuleuse de Coddington – UGC 5666 – DDO 81	10,472889	68,416667	10,4	0,22	0,09	La Grande Ourse	IC
IC 2581	Amas d’étoiles ouvert	ESO 168-SC3	10,45725	-57,625556	4,3	0,083333	0,083333	La Carène	IC
IC 2597	Galaxie	HCG 48A – ESO 501-58	10,629806	-27,080833	11,8	0,025	0,02	L’Hydre	IC
IC 2599	Nébuleuse en émission	Partie de NGC 3224	10,624167	-58,733333		0,016667	0,016667	La Carène	IC
IC 2602	Amas d’étoiles ouvert	Pléiades du Sud – ESO 93-SC2	10,715694	-64,394167	1,6	1,666667	1,666667	La Carène	IC
IC 2605	Région HII	Partie de NGC 3395	10,829861	32,971667		0,006667	0,003333	Le Petit Lion	IC
IC 2621	Nébuleuse planétaire	ESO 93-PN4 – PK 291-4.1	11,005611	-65,248889	11,2	0,001333	0,001333	La Carène	IC
IC 2627	Galaxie	ESO 502-21	11,164861	-23,726667	12	0,043333	0,035	La Coupe	IC
IC 2631	Nébuleuse par réflexion	CED 112	11,164556	-76,615833		0,016667	0,016667	Le Caméléon	IC
IC 2714	Amas d’étoiles ouvert	ESO 129-SC18	11,289444	-62,721667	8,2	0,25	0,25	La Carène	IC
IC 2872	Nébuleuse en émission	ESO 94-EN1	11,471111	-62,983333		0,25	0,1	Le Centaure	IC
IC 2944	Nébuleuse en émission	Nébuleuse du Poulet qui court	11,596472	-63,019722		0,666667	0,333333	Le Centaure	IC
IC 2948	Nébuleuse en émission		11,651389	-63,443333		0,75	0,666667	Le Centaure	IC
IC 2966	Nébuleuse en émission	ESO 94-EN8	11,836917	-64,871389		0,05	0,033333	La Mouche	IC
IC 3253	Galaxie	ESO 380-24	12,395833	-34,621389	11,6	0,045	0,018333	Le Centaure	IC
IC 3290	Galaxie	ESO 322-4	12,419111	-39,775833	12	0,033333	0,023333	Le Centaure	IC
IC 3329	Région HII	Partie de NGC 4393	12,432194	27,564444		0,005	0,005	La Chevelure de Bérénice	IC
IC 3370	Galaxie	ESO 322-14	12,460333	-39,337778	11	0,035	0,026667	Le Centaure	IC
IC 3564	Région HII		12,602222	27,927778		0,016667	0,016667	La Chevelure de Bérénice	IC
IC 3568	Nébuleuse planétaire	UGC 7731 – PK 123+34.1	12,551917	82,564167	10,6	0,002833	0,002833	La Girafe	IC
IC 3896	Galaxie	ESO 219-12	12,945222	-50,347222	10,9	0,041667	0,03	Le Centaure	IC
IC 3986	Galaxie	ESO 443-24	13,016889	-32,441389	11,9	0,031667	0,025	Le Centaure	IC
IC 4182	Galaxie	UGC 8188	13,097028	37,606389	11,1	0,08	0,068333	Les Chiens de Chasse	IC
IC 4191	Nébuleuse planétaire	ESO 96-PN2 – PK 304-4.1	13,146528	-67,643056	10,6	0,001333	0,001333	La Mouche	IC
IC 4214	Galaxie	ESO 444-5	13,295194	-32,101389	11,4	0,046667	0,03	Le Centaure	IC
IC 4291	Amas d’étoiles ouvert	ESO 132-SC15	13,615639	-62,093056	9,7	0,066667	0,066667	Le Centaure	IC
IC 4296	Galaxie	ESO 383-39	13,610778	-33,965833	10,6	0,046667	0,046667	Le Centaure	IC
IC 4329	Galaxie	ESO 445-46	13,818139	-30,296111	11,3	0,053333	0,031667	Le Centaure	IC
IC 4351	Galaxie	ESO 445-84	13,964944	-29,315556	11,7	0,098333	0,015	L’Hydre	IC
IC 4402	Galaxie	ESO 272-5	14,353583	-46,298333	11,6	0,07	0,015	Le Loup	IC
IC 4406	Nébuleuse planétaire	ESO 272-PN6 – PK 319+15.1	14,374	-44,150556	10,2	0,0295	0,0295	Le Loup	IC
IC 4430	Galaxie	ESO 385-30	14,488694	-33,455	11,9	0,038333	0,021667	Le Centaure	IC
IC 4441	Galaxie	ESO 272-14	14,527444	-43,418333	11,4	0,025	0,021667	Le Loup	IC
IC 4451	Galaxie	ESO 385-46	14,576944	-36,286111	11,7	0,03	0,018333	Le Centaure	IC
IC 4464	Galaxie	ESO 385-50	14,63025	-36,878611	11,8	0,026667	0,01	Le Centaure	IC
IC 4499	Amas d’étoiles globulaire	ESO 22-SC5	15,005306	-82,212778	10,1	0,133333	0,133333	L’Oiseau de paradis	IC
IC 4591	Nébuleuse par réflexion	LBN 1096	16,205	-27,927778		0,2	0,166667	Le Scorpion	IC
IC 4592	Nébuleuse par réflexion	LBN 1113	16,199889	-19,459722		2,5	1	Le Scorpion	IC
IC 4593	Nébuleuse planétaire	PK 25+40.1	16,195694	12,071944	10,7	0,011667	0,011667	Hercule	IC
IC 4595	Galaxie	ESO 69-2	16,3455	-70,1425	12	0,045	0,008333	Le Triangle austral	IC
IC 4599	Nébuleuse planétaire	ESO 331-PN1 – PK 338+5.1	16,323111	-42,259444		0,004167	0,004167	Le Scorpion	IC
IC 4601	Nébuleuse par réflexion	CED 129C	16,338333	-20,081667		0,333333	0,166667	Le Scorpion	IC
IC 4603	Nébuleuse par réflexion	LBN 1109	16,423333	-24,466667		0,583333	0,333333	Ophiuchus	IC
IC 4604	Nébuleuse par réflexion	Nébuleuse de Rho Ophiuchi – LBN 1112	16,425833	-23,443333		1	0,833333	Ophiuchus	IC
IC 4605	Nébuleuse par réflexion	LBN 1110	16,503472	-25,114722		0,5	0,5	Le Scorpion	IC
IC 4618	Galaxie	ESO 43-9	16,963889	-76,9925	12	0,028333	0,021667	L’Oiseau de paradis	IC
IC 4628	Nébuleuse en émission	ESO 332-EN14	16,95	-40,456667		1,5	1	Le Scorpion	IC
IC 4634	Nébuleuse planétaire	ESO 587-PN1 – PK 0+12.1	17,026	-21,825556	10,9	0,006667	0,006667	Ophiuchus	IC
IC 4642	Nébuleuse planétaire	ESO 180-PN4 – PK 334-9.1	17,195917	-55,399444		0,006667	0,006667	L’Autel	IC
IC 4646	Galaxie	ESO 138-23	17,398167	-60,000278	11,9	0,046667	0,028333	L’Autel	IC
IC 4651	Amas d’étoiles ouvert	ESO 228-SC2	17,414444	-49,943333	6,9	0,166667	0,166667	L’Autel	IC
IC 4662	Galaxie	ESO 102-14 – PK 328-17.1	17,785694	-64,641944	11,3	0,053333	0,031667	Le Paon	IC
IC 4665	Amas d’étoiles ouvert	OCL 85	17,77	5,716667	4,2	1,166667	1,166667	Ophiuchus	IC
IC 4670	Nébuleuse planétaire	PK 7+1.1	17,918611	-21,744167	12	0,001333	0,001333	Le Sagittaire	IC
IC 4677	Nébuleuse planétaire	Partie de NGC 6543 – MCG 11-22-17	17,971028	66,633889		0,018333	0,011667	Le Dragon	IC
IC 4678	Nébuleuse en émission	Au nord-est de la Nébuleuse de la Lagune (M 8) – CED 152B	18,109278	-23,954444		0,016667	0,016667	Le Sagittaire	IC
IC 4683	Galaxie		18,15	-26,233333		0,016667	0,016667	Le Sagittaire	IC
IC 4684	Nébuleuse en émission	LBN 34	18,152389	-23,435833		0,05	0,033333	Le Sagittaire	IC
IC 4685	Amas associé à une nébulosité	OCL 22	18,154833	-23,987222		0,25	0,166667	Le Sagittaire	IC
IC 4701	Nébuleuse en émission	LBN 56	18,266667	-16,633333		1	0,666667	Le Sagittaire	IC
IC 4703	Nébuleuse en émission	Dans la Nébuleuse de l’Aigle (M 16) – LBN 67	18,3	-13,833333		0,583333	0,466667	Le Serpent	IC
IC 4706	Nébuleuse en émission	CED 160A	18,326667	-16,031667		0,083333	0,083333	Le Sagittaire	IC
IC 4707	Nébuleuse en émission	CED 160B	18,331667	-16,001667		0,058333	0,058333	Le Sagittaire	IC
IC 4710	Galaxie	ESO 103-22	18,477444	-66,983056	11,9	0,06	0,046667	Le Paon	IC
IC 4721	Galaxie	ESO 140-27	18,573528	-58,497222	11,6	0,086667	0,025	Le Paon	IC
IC 4731	Galaxie	ESO 103-37	18,645194	-62,943333	11,4	0,025	0,011667	Le Paon	IC
IC 4742	Galaxie	ESO 103-48	18,697833	-63,861667	11,9	0,028333	0,023333	Le Paon	IC
IC 4756	Amas d’étoiles ouvert	OCL 94	18,648333	5,433333	4,6	0,666667	0,666667	Le Serpent	IC
IC 4765	Galaxie	ESO 104-6	18,788361	-63,331111	11,2	0,058333	0,031667	Le Paon	IC
IC 4776	Nébuleuse planétaire	ESO 396-PN2 – PK 2-13.1	18,764083	-33,342222	10,8	0,005	0,005	Le Sagittaire	IC
IC 4797	Galaxie	ESO 183-29	18,941611	-54,304722	11,3	0,035	0,018333	Le Télescope	IC
IC 4812	Nébuleuse par réflexion	CED 165A	19,017639	-37,060278		0,166667	0,116667	La Couronne australe	IC
IC 4831	Galaxie	ESO 141-38	19,245583	-62,271944	11,3	0,058333	0,015	Le Paon	IC
IC 4837-A	Galaxie	ESO 184-47	19,254417	-54,133056	11,8	0,068333	0,011667	Le Télescope	IC
IC 4845	Galaxie	ESO 141-54	19,339472	-60,388889	11,6	0,025	0,016667	Le Paon	IC
IC 4846	Nébuleuse planétaire	PK 27-9.1	19,274528	-9,043056	11,9	0,003	0,003	L’Aigle	IC
IC 4889	Galaxie	ESO 185-14	19,754167	-54,343611	11,1	0,036667	0,025	Le Télescope	IC
IC 4901	Galaxie	ESO 142-50	19,906528	-58,713333	11,5	0,063333	0,045	Le Paon	IC
IC 4906	Galaxie	ESO 142-57	19,946583	-60,468611	12	0,026667	0,015	Le Paon	IC
IC 4931	Galaxie	ESO 339-23	20,013917	-38,575	11,8	0,04	0,033333	Le Sagittaire	IC
IC 4946	Galaxie	ESO 285-7	20,399444	-43,995278	11,8	0,04	0,016667	Le Sagittaire	IC
IC 4954	Nébuleuse par réflexion	LBN 153	20,079167	29,253333		0,05	0,05	Le Petit Renard	IC
IC 4955	Nébuleuse par réflexion	LBN 153	20,081389	29,19		0,083333	0,083333	Le Petit Renard	IC
IC 4996	Amas d’étoiles ouvert	OCL 158	20,275472	37,643056	7,3	0,116667	0,116667	Le Cygne	IC
IC 4997	Nébuleuse planétaire	PK 58-10.1	20,335778	16,732222	10,5	0,003667	0,003667	La Flèche	IC
IC 5011	Galaxie	ESO 400-29	20,476056	-36,027222	11,7	0,04	0,021667	Le Microscope	IC
IC 5052	Galaxie	ESO 74-15	20,868639	-69,205278	10,5	0,098333	0,015	Le Paon	IC
IC 5063	Galaxie	ESO 187-23	20,867222	-57,069444	11,9	0,035	0,023333	L’Indien	IC
IC 5067	Nébuleuse en émission	Nébuleuse du Pélican – LBN 353	20,797222	44,366667		0,416667	0,166667	Le Cygne	IC
IC 5068	Nébuleuse en émission	LBN 328	20,841667	42,478333		0,666667	0,5	Le Cygne	IC
IC 5070	Nébuleuse en émission	Nébuleuse du Pélican – LBN 350	20,85	44,401667		1	0,833333	Le Cygne	IC
IC 5076	Nébuleuse par réflexion	LBN 394	20,925833	47,395		0,15	0,116667	Le Cygne	IC
IC 5084	Galaxie	ESO 107-7	21,154	-63,289722	12	0,026667	0,016667	Le Paon	IC
IC 5092	Galaxie	ESO 107-17	21,270611	-64,465	12	0,048333	0,038333	Le Paon	IC
IC 5105	Galaxie	ESO 342-39	21,406083	-40,538333	11,6	0,031667	0,021667	Le Microscope	IC
IC 5117	Nébuleuse planétaire	PK 89-5.1	21,541944	44,597222	11,5	0,003333	0,003333	Le Cygne	IC
IC 5132	Nébuleuse en émission	LBN 497	21,711139	66,168333		0,016667	0,016667	Céphée	IC
IC 5133	Nébuleuse en émission	LBN 1181	21,713083	66,181111		0,016667	0,016667	Céphée	IC
IC 5148	Nébuleuse planétaire	ESO 344-PN5 – PK 2-52.1	21,993083	-39,385	11	0,036667	0,036667	La Grue	IC
IC 5152	Amas d’étoiles ouvert	ESO 237-27	22,044972	-51,296111	10,5	0,083333	0,053333	L’Indien	IC
IC 5157	Galaxie	ESO 404-26	22,0575	-34,941389	12	0,021667	0,021667	Le Poisson austral	IC
IC 5179	Galaxie	ESO 405-5	22,269167	-36,844722	11,8	0,04	0,02	La Grue	IC
IC 5181	Galaxie	ESO 289-1	22,222667	-46,018056	11,5	0,041667	0,015	La Grue	IC
IC 5186	Galaxie	ESO 405-7	22,312917	-36,801667	11,9	0,03	0,02	La Grue	IC
IC 5201	Galaxie	ESO 289-18	22,349306	-46,034722	10,8	0,141667	0,065	La Grue	IC
IC 5217	Nébuleuse planétaire	PK 100-5.1	22,398806	50,9675	11,3	0,004167	0,004167	Le Lézard	IC
IC 5240	Galaxie	ESO 290-2	22,697806	-44,766944	11,9	0,046667	0,03	La Grue	IC
IC 5250-A	Galaxie	ESO 109-22	22,788111	-65,060556	11,1	0,051667	0,05	Le Toucan	IC
IC 5250-B	Galaxie	ESO 109-22A	22,789417	-65,058611	11,2	0,05	0,048333	Le Toucan	IC
IC 5267	Galaxie	ESO 290-29	22,953806	-43,395833	10,5	0,086667	0,065	La Grue	IC
IC 5267-B	Galaxie	ESO 290-27	22,949167	-43,760278	11,8	0,03	0,013333	La Grue	IC
IC 5271	Galaxie	ESO 406-34	22,967111	-33,742222	10,8	0,043333	0,015	Le Poisson austral	IC
IC 5273	Galaxie	ESO 346-22	22,99075	-37,705278	11,4	0,043333	0,028333	La Grue	IC
IC 5325	Galaxie	ESO 347-18	23,478639	-41,333611	11,3	0,046667	0,041667	Le Phénix	IC
IC 5328	Galaxie	ESO 291-29	23,554528	-45,015556	11,4	0,04	0,025	Le Phénix	IC
IC 5332	Galaxie	ESO 408-9	23,574278	-36,101389	10,5	0,148333	0,136667	Le Sculpteur	IC
